trade_date,nav,cash,hold_mv,n_positions,daily_return,market_regime_fuse,regime_score,n_close_trades,close_trade_win_rate,commission_rate,stamp_duty_sell_rate,slippage_rate,regime_fuse_min_score,regime_fuse_days_cum
2025-05-09,1000000.0,1000000.0,0.0,0,0.0,0,60,24,0.625,0.0003,0.001,0.001,60,0
2025-05-12,1000000.0,1000000.0,0.0,0,0.0,0,60,24,0.625,0.0003,0.001,0.001,60,0
2025-05-13,1000000.0,1000000.0,0.0,0,0.0,0,60,24,0.625,0.0003,0.001,0.001,60,0
2025-05-14,1000000.0,1000000.0,0.0,0,0.0,0,60,24,0.625,0.0003,0.001,0.001,60,0
2025-05-15,1000000.0,1000000.0,0.0,0,0.0,0,60,24,0.625,0.0003,0.001,0.001,60,0
2025-05-16,1000000.0,1000000.0,0.0,0,0.0,0,60,24,0.625,0.0003,0.001,0.001,60,0
2025-05-19,1000000.0,1000000.0,0.0,0,0.0,0,60,24,0.625,0.0003,0.001,0.001,60,0
2025-05-20,1000000.0,1000000.0,0.0,0,0.0,0,60,24,0.625,0.0003,0.001,0.001,60,0
2025-05-21,1000000.0,1000000.0,0.0,0,0.0,0,60,24,0.625,0.0003,0.001,0.001,60,0
2025-05-22,1000000.0,1000000.0,0.0,0,0.0,0,60,24,0.625,0.0003,0.001,0.001,60,0
2025-05-23,1000000.0,1000000.0,0.0,0,0.0,0,60,24,0.625,0.0003,0.001,0.001,60,0
2025-05-26,1000000.0,1000000.0,0.0,0,0.0,0,60,24,0.625,0.0003,0.001,0.001,60,0
2025-05-27,1000000.0,1000000.0,0.0,0,0.0,1,40,24,0.625,0.0003,0.001,0.001,60,1
2025-05-28,1000000.0,1000000.0,0.0,0,0.0,1,40,24,0.625,0.0003,0.001,0.001,60,2
2025-05-29,1000000.0,1000000.0,0.0,0,0.0,1,40,24,0.625,0.0003,0.001,0.001,60,3
2025-05-30,1000000.0,1000000.0,0.0,0,0.0,1,40,24,0.625,0.0003,0.001,0.001,60,4
2025-06-03,1000000.0,1000000.0,0.0,0,0.0,1,40,24,0.625,0.0003,0.001,0.001,60,5
2025-06-04,1000000.0,1000000.0,0.0,0,0.0,1,40,24,0.625,0.0003,0.001,0.001,60,6
2025-06-05,1000000.0,1000000.0,0.0,0,0.0,0,60,24,0.625,0.0003,0.001,0.001,60,6
2025-06-06,1000000.0,1000000.0,0.0,0,0.0,1,40,24,0.625,0.0003,0.001,0.001,60,7
2025-06-09,1000000.0,1000000.0,0.0,0,0.0,0,60,24,0.625,0.0003,0.001,0.001,60,7
2025-06-10,1000000.0,1000000.0,0.0,0,0.0,1,40,24,0.625,0.0003,0.001,0.001,60,8
2025-06-11,1000000.0,1000000.0,0.0,0,0.0,0,60,24,0.625,0.0003,0.001,0.001,60,8
2025-06-12,1000000.0,1000000.0,0.0,0,0.0,0,60,24,0.625,0.0003,0.001,0.001,60,8
2025-06-13,1000000.0,1000000.0,0.0,0,0.0,1,40,24,0.625,0.0003,0.001,0.001,60,9
2025-06-16,1000000.0,1000000.0,0.0,0,0.0,0,60,24,0.625,0.0003,0.001,0.001,60,9
2025-06-17,1000000.0,1000000.0,0.0,0,0.0,1,40,24,0.625,0.0003,0.001,0.001,60,10
2025-06-18,1000000.0,1000000.0,0.0,0,0.0,0,60,24,0.625,0.0003,0.001,0.001,60,10
2025-06-19,1000000.0,1000000.0,0.0,0,0.0,1,40,24,0.625,0.0003,0.001,0.001,60,11
2025-06-20,1000000.0,1000000.0,0.0,0,0.0,1,40,24,0.625,0.0003,0.001,0.001,60,12
2025-06-23,1000000.0,1000000.0,0.0,0,0.0,1,40,24,0.625,0.0003,0.001,0.001,60,13
2025-06-24,1000000.0,1000000.0,0.0,0,0.0,0,60,24,0.625,0.0003,0.001,0.001,60,13
2025-06-25,1000000.0,1000000.0,0.0,0,0.0,0,60,24,0.625,0.0003,0.001,0.001,60,13
2025-06-26,1000000.0,1000000.0,0.0,0,0.0,0,60,24,0.625,0.0003,0.001,0.001,60,13
2025-06-27,1000000.0,1000000.0,0.0,0,0.0,0,60,24,0.625,0.0003,0.001,0.001,60,13
2025-06-30,1000000.0,1000000.0,0.0,0,0.0,0,60,24,0.625,0.0003,0.001,0.001,60,13
2025-07-01,1000000.0,1000000.0,0.0,0,0.0,0,60,24,0.625,0.0003,0.001,0.001,60,13
2025-07-02,1000000.0,1000000.0,0.0,0,0.0,0,60,24,0.625,0.0003,0.001,0.001,60,13
2025-07-03,1000000.0,1000000.0,0.0,0,0.0,0,60,24,0.625,0.0003,0.001,0.001,60,13
2025-07-04,1000000.0,1000000.0,0.0,0,0.0,0,60,24,0.625,0.0003,0.001,0.001,60,13
2025-07-07,1000000.0,1000000.0,0.0,0,0.0,0,60,24,0.625,0.0003,0.001,0.001,60,13
2025-07-08,1000000.0,1000000.0,0.0,0,0.0,0,60,24,0.625,0.0003,0.001,0.001,60,13
2025-07-09,1000000.0,1000000.0,0.0,0,0.0,0,60,24,0.625,0.0003,0.001,0.001,60,13
2025-07-10,1000000.0,1000000.0,0.0,0,0.0,0,60,24,0.625,0.0003,0.001,0.001,60,13
2025-07-11,1000000.0,1000000.0,0.0,0,0.0,0,60,24,0.625,0.0003,0.001,0.001,60,13
2025-07-14,1000000.0,1000000.0,0.0,0,0.0,0,60,24,0.625,0.0003,0.001,0.001,60,13
2025-07-15,1000000.0,1000000.0,0.0,0,0.0,0,60,24,0.625,0.0003,0.001,0.001,60,13
2025-07-16,1000000.0,1000000.0,0.0,0,0.0,0,60,24,0.625,0.0003,0.001,0.001,60,13
2025-07-17,1000000.0,1000000.0,0.0,0,0.0,0,60,24,0.625,0.0003,0.001,0.001,60,13
2025-07-18,1000000.0,1000000.0,0.0,0,0.0,0,60,24,0.625,0.0003,0.001,0.001,60,13
2025-07-21,1000000.0,1000000.0,0.0,0,0.0,0,60,24,0.625,0.0003,0.001,0.001,60,13
2025-07-22,1000000.0,1000000.0,0.0,0,0.0,0,60,24,0.625,0.0003,0.001,0.001,60,13
2025-07-23,1000000.0,1000000.0,0.0,0,0.0,0,60,24,0.625,0.0003,0.001,0.001,60,13
2025-07-24,1000000.0,1000000.0,0.0,0,0.0,0,60,24,0.625,0.0003,0.001,0.001,60,13
2025-07-25,1000000.0,1000000.0,0.0,0,0.0,0,60,24,0.625,0.0003,0.001,0.001,60,13
2025-07-28,1000000.0,1000000.0,0.0,0,0.0,0,60,24,0.625,0.0003,0.001,0.001,60,13
2025-07-29,1000000.0,1000000.0,0.0,0,0.0,0,60,24,0.625,0.0003,0.001,0.001,60,13
2025-07-30,1000000.0,1000000.0,0.0,0,0.0,0,60,24,0.625,0.0003,0.001,0.001,60,13
2025-07-31,1000000.0,1000000.0,0.0,0,0.0,0,60,24,0.625,0.0003,0.001,0.001,60,13
2025-08-01,1000000.0,1000000.0,0.0,0,0.0,1,40,24,0.625,0.0003,0.001,0.001,60,14
2025-08-04,1039338.0389109873,0.0,1039338.0389109873,3,0.039338038910987416,0,60,24,0.625,0.0003,0.001,0.001,60,14
2025-08-05,1056106.812814801,0.0,1056106.812814801,3,0.016134090426810355,0,60,24,0.625,0.0003,0.001,0.001,60,14
2025-08-06,1059443.8036534754,0.0,1059443.8036534754,3,0.003159709603406835,0,60,24,0.625,0.0003,0.001,0.001,60,14
2025-08-07,1066065.6800112948,0.0,1066065.6800112948,3,0.006250332801970293,0,60,24,0.625,0.0003,0.001,0.001,60,14
2025-08-08,1068279.9652644105,0.0,1068279.9652644105,3,0.0020770626938222403,0,60,24,0.625,0.0003,0.001,0.001,60,14
2025-08-11,1066726.5860506622,0.0,1066726.5860506622,3,-0.0014540937434540657,0,60,24,0.625,0.0003,0.001,0.001,60,14
2025-08-12,1069691.4175326047,0.0,1069691.4175326047,3,0.0027793733846261937,0,60,24,0.625,0.0003,0.001,0.001,60,14
2025-08-13,1077710.2050834901,0.0,1077710.2050834901,3,0.007496355883065631,0,60,24,0.625,0.0003,0.001,0.001,60,14
2025-08-14,1074646.9448939231,0.0,1074646.9448939231,3,-0.0028423783825353155,0,60,24,0.625,0.0003,0.001,0.001,60,14
2025-08-15,1108856.423649292,0.0,1108856.423649292,3,0.03183322570999869,0,60,24,0.625,0.0003,0.001,0.001,60,14
2025-08-18,1101468.8582710216,0.0,1101468.8582710216,3,-0.006662328161438191,0,60,24,0.625,0.0003,0.001,0.001,60,14
2025-08-19,1108010.8076495528,0.0,1108010.8076495528,3,0.005939295813410572,0,60,24,0.625,0.0003,0.001,0.001,60,14
2025-08-20,1117497.881859567,0.0,1117497.881859567,3,0.008562257826834063,0,60,24,0.625,0.0003,0.001,0.001,60,14
2025-08-21,1118885.0661112687,0.0,1118885.0661112687,3,0.001241330542294472,0,60,24,0.625,0.0003,0.001,0.001,60,14
2025-08-22,1138324.7484627678,0.0,1138324.7484627678,3,0.017374154808467157,0,60,24,0.625,0.0003,0.001,0.001,60,14
2025-08-25,1145571.239093328,0.0,1145571.239093328,3,0.006365925576463205,0,60,24,0.625,0.0003,0.001,0.001,60,14
2025-08-26,1143247.47447821,0.0,1143247.47447821,3,-0.002028476742273133,0,60,24,0.625,0.0003,0.001,0.001,60,14
2025-08-27,1115353.189220003,0.0,1115353.189220003,3,-0.024399166305561493,0,60,24,0.625,0.0003,0.001,0.001,60,14
2025-08-28,1121125.5230651433,0.0,1121125.5230651433,3,0.005175341677354117,0,60,24,0.625,0.0003,0.001,0.001,60,14
2025-08-29,1103543.035778822,0.0,1103543.035778822,3,-0.015682889136491185,0,60,24,0.625,0.0003,0.001,0.001,60,14
2025-09-01,1092659.921116396,0.0,1092659.921116396,3,-0.009861975754072105,0,60,24,0.625,0.0003,0.001,0.001,60,14
2025-09-02,1085566.089431289,0.0,1085566.089431289,3,-0.006492259437739123,0,60,24,0.625,0.0003,0.001,0.001,60,14
2025-09-03,1040902.7176733518,0.0,1040902.7176733518,3,-0.04114293196219454,0,60,24,0.625,0.0003,0.001,0.001,60,14
2025-09-04,1011887.0330645124,0.0,1011887.0330645124,3,-0.027875500866878178,0,60,24,0.625,0.0003,0.001,0.001,60,14
2025-09-05,1027484.6066422097,0.0,1027484.6066422097,3,0.015414342775457612,0,60,24,0.625,0.0003,0.001,0.001,60,14
2025-09-08,1024661.2225046468,0.0,1024661.2225046468,3,-0.0027478602786952244,0,60,24,0.625,0.0003,0.001,0.001,60,14
2025-09-09,1016375.7768984168,0.0,1016375.7768984168,3,-0.008086034119625718,0,60,24,0.625,0.0003,0.001,0.001,60,14
2025-09-10,1008803.009811399,0.0,1008803.009811399,3,-0.007450755182425661,0,60,24,0.625,0.0003,0.001,0.001,60,14
2025-09-11,1009286.2353127691,0.0,1009286.2353127691,3,0.00047900878235918043,0,60,24,0.625,0.0003,0.001,0.001,60,14
2025-09-12,1001652.0897243066,0.0,1001652.0897243066,3,-0.007563905383190628,0,60,24,0.625,0.0003,0.001,0.001,60,14
2025-09-15,998133.21125048,0.0,998133.21125048,3,-0.003513074559446161,0,60,24,0.625,0.0003,0.001,0.001,60,14
2025-09-16,1001287.4695975686,0.0,1001287.4695975686,3,0.0031601576939181975,0,60,24,0.625,0.0003,0.001,0.001,60,14
2025-09-17,1000896.8649670351,0.0,1000896.8649670351,3,-0.00039010238557213306,0,60,24,0.625,0.0003,0.001,0.001,60,14
2025-09-18,997895.7221765738,0.0,997895.7221765738,3,-0.0029984535824878478,0,60,24,0.625,0.0003,0.001,0.001,60,14
2025-09-19,990953.1184153256,0.0,990953.1184153256,3,-0.006957243734951768,0,60,24,0.625,0.0003,0.001,0.001,60,14
2025-09-22,1008730.5427879636,0.0,1008730.5427879636,3,0.01793972292157142,0,60,24,0.625,0.0003,0.001,0.001,60,14
2025-09-23,984506.1120278633,0.0,984506.1120278633,3,-0.024014768793604757,0,60,24,0.625,0.0003,0.001,0.001,60,14
2025-09-24,999083.9194763807,0.0,999083.9194763807,3,0.014807228995755484,0,60,24,0.625,0.0003,0.001,0.001,60,14
2025-09-25,1046827.1237682729,0.0,1046827.1237682729,3,0.0477869810144822,0,60,24,0.625,0.0003,0.001,0.001,60,14
2025-09-26,1016809.2525170848,0.0,1016809.2525170848,3,-0.028675098848348957,0,60,24,0.625,0.0003,0.001,0.001,60,14
2025-09-29,1026947.4423645798,0.0,1026947.4423645798,3,0.009970591654627547,0,60,24,0.625,0.0003,0.001,0.001,60,14
2025-09-30,1027363.846105783,0.0,1027363.846105783,3,0.0004054771685728653,0,60,24,0.625,0.0003,0.001,0.001,60,14
2025-10-09,1035887.4282179711,0.0,1035887.4282179711,3,0.008296556419127077,0,60,24,0.625,0.0003,0.001,0.001,60,14
2025-10-10,983326.985694637,0.0,983326.985694637,3,-0.05073953123820929,0,60,24,0.625,0.0003,0.001,0.001,60,14
2025-10-13,976706.9889969982,0.0,976706.9889969982,3,-0.006732243489648959,0,60,24,0.625,0.0003,0.001,0.001,60,14
2025-10-14,976706.9889969982,976706.9889969982,0.0,0,0.0,1,40,24,0.625,0.0003,0.001,0.001,60,15
2025-10-15,980877.6852516445,0.0,980877.6852516445,3,0.004270161165662589,0,60,24,0.625,0.0003,0.001,0.001,60,15
2025-10-16,990379.6335722138,0.0,990379.6335722138,3,0.009687189813204489,0,60,24,0.625,0.0003,0.001,0.001,60,15
2025-10-17,990379.6335722138,990379.6335722138,0.0,0,0.0,1,40,24,0.625,0.0003,0.001,0.001,60,16
2025-10-20,990379.6335722138,990379.6335722138,0.0,0,0.0,1,40,24,0.625,0.0003,0.001,0.001,60,17
2025-10-21,990809.2078131041,0.0,990809.2078131041,3,0.00043374704641374606,0,60,24,0.625,0.0003,0.001,0.001,60,17
2025-10-22,982508.278714672,0.0,982508.278714672,3,-0.008377928901926346,0,60,24,0.625,0.0003,0.001,0.001,60,17
2025-10-23,992813.7731768964,0.0,992813.7731768964,3,0.01048896450593384,0,60,24,0.625,0.0003,0.001,0.001,60,17
2025-10-24,990310.9924225854,0.0,990310.9924225854,3,-0.002520896488273361,0,60,24,0.625,0.0003,0.001,0.001,60,17
2025-10-27,989766.1067495726,0.0,989766.1067495726,3,-0.0005502167270504676,0,60,24,0.625,0.0003,0.001,0.001,60,17
2025-10-28,987305.2591013982,0.0,987305.2591013982,3,-0.0024862920960749824,0,60,24,0.625,0.0003,0.001,0.001,60,17
2025-10-29,1002078.4964400812,0.0,1002078.4964400812,3,0.014963191173648749,0,60,24,0.625,0.0003,0.001,0.001,60,17
2025-10-30,995979.5680419141,0.0,995979.5680419141,3,-0.0060862780908218506,0,60,24,0.625,0.0003,0.001,0.001,60,17
2025-10-31,981303.4522993991,0.0,981303.4522993991,3,-0.014735358247728092,0,60,24,0.625,0.0003,0.001,0.001,60,17
2025-11-03,986463.8169265797,0.0,986463.8169265797,3,0.0052586838608270625,0,60,24,0.625,0.0003,0.001,0.001,60,17
2025-11-04,986463.8169265797,986463.8169265797,0.0,0,0.0,1,40,24,0.625,0.0003,0.001,0.001,60,18
2025-11-05,986463.8169265797,986463.8169265797,0.0,0,0.0,1,40,24,0.625,0.0003,0.001,0.001,60,19
2025-11-06,986551.590789426,0.0,986551.590789426,3,8.8978289259245e-05,0,60,24,0.625,0.0003,0.001,0.001,60,19
2025-11-07,988357.6701794686,0.0,988357.6701794686,3,0.001830699384506973,0,60,24,0.625,0.0003,0.001,0.001,60,19
2025-11-10,999076.3951720205,0.0,999076.3951720205,3,0.010844985895243298,0,60,24,0.625,0.0003,0.001,0.001,60,19
2025-11-11,1001768.1239334912,0.0,1001768.1239334912,3,0.002694217153441203,0,60,24,0.625,0.0003,0.001,0.001,60,19
2025-11-12,998707.6889880673,1.1641532182693481e-10,998707.6889880672,3,-0.0030550332679850634,0,60,24,0.625,0.0003,0.001,0.001,60,19
2025-11-13,999551.9837996439,1.1641532182693481e-10,999551.9837996438,3,0.0008453873149130153,0,60,24,0.625,0.0003,0.001,0.001,60,19
2025-11-14,999551.9837996439,999551.9837996439,0.0,0,0.0,1,40,24,0.625,0.0003,0.001,0.001,60,20
2025-11-17,999551.9837996439,999551.9837996439,0.0,0,0.0,1,40,24,0.625,0.0003,0.001,0.001,60,21
2025-11-18,999551.9837996439,999551.9837996439,0.0,0,0.0,1,40,24,0.625,0.0003,0.001,0.001,60,22
2025-11-19,999551.9837996439,999551.9837996439,0.0,0,0.0,1,40,24,0.625,0.0003,0.001,0.001,60,23
2025-11-20,999551.9837996439,999551.9837996439,0.0,0,0.0,1,40,24,0.625,0.0003,0.001,0.001,60,24
2025-11-21,999551.9837996439,999551.9837996439,0.0,0,0.0,1,40,24,0.625,0.0003,0.001,0.001,60,25
2025-11-24,999551.9837996439,999551.9837996439,0.0,0,0.0,1,40,24,0.625,0.0003,0.001,0.001,60,26
2025-11-25,999551.9837996439,999551.9837996439,0.0,0,0.0,1,40,24,0.625,0.0003,0.001,0.001,60,27
2025-11-26,999551.9837996439,999551.9837996439,0.0,0,0.0,1,40,24,0.625,0.0003,0.001,0.001,60,28
2025-11-27,999551.9837996439,999551.9837996439,0.0,0,0.0,1,40,24,0.625,0.0003,0.001,0.001,60,29
2025-11-28,999551.9837996439,999551.9837996439,0.0,0,0.0,1,40,24,0.625,0.0003,0.001,0.001,60,30
2025-12-01,999551.9837996439,999551.9837996439,0.0,0,0.0,1,40,24,0.625,0.0003,0.001,0.001,60,31
2025-12-02,999551.9837996439,999551.9837996439,0.0,0,0.0,1,40,24,0.625,0.0003,0.001,0.001,60,32
2025-12-03,999551.9837996439,999551.9837996439,0.0,0,0.0,1,40,24,0.625,0.0003,0.001,0.001,60,33
2025-12-04,999551.9837996439,999551.9837996439,0.0,0,0.0,1,40,24,0.625,0.0003,0.001,0.001,60,34
2025-12-05,1005303.6455813714,0.0,1005303.6455813714,3,0.005754239774367065,0,60,24,0.625,0.0003,0.001,0.001,60,34
2025-12-08,1015321.563088518,0.0,1015321.563088518,3,0.009965066327152439,0,60,24,0.625,0.0003,0.001,0.001,60,34
2025-12-09,998602.8171357554,0.0,998602.8171357554,3,-0.01646645413686043,0,60,24,0.625,0.0003,0.001,0.001,60,34
2025-12-10,999939.4200805223,0.0,999939.4200805223,3,0.0013384730363574793,0,60,24,0.625,0.0003,0.001,0.001,60,34
2025-12-11,999939.4200805223,999939.4200805223,0.0,0,0.0,1,40,24,0.625,0.0003,0.001,0.001,60,35
2025-12-12,1007076.7902382445,0.0,1007076.7902382445,3,0.007137802565226892,0,60,24,0.625,0.0003,0.001,0.001,60,35
2025-12-15,990825.100194914,0.0,990825.100194914,3,-0.01613748842279028,0,60,24,0.625,0.0003,0.001,0.001,60,35
2025-12-16,990825.100194914,990825.100194914,0.0,0,0.0,1,40,24,0.625,0.0003,0.001,0.001,60,36
2025-12-17,1019095.9616537311,2.3283064365386963e-10,1019095.9616537308,3,0.028532645623587483,0,60,24,0.625,0.0003,0.001,0.001,60,36
2025-12-18,1011871.047930649,2.3283064365386963e-10,1011871.0479306488,3,-0.007089532286398081,0,60,24,0.625,0.0003,0.001,0.001,60,36
2025-12-19,1010491.9265266357,2.3283064365386963e-10,1010491.9265266354,3,-0.001362941855915123,0,60,24,0.625,0.0003,0.001,0.001,60,36
2025-12-22,1005892.1725465775,2.3283064365386963e-10,1005892.1725465773,3,-0.004551994785221947,0,60,24,0.625,0.0003,0.001,0.001,60,36
2025-12-23,1008054.1022087773,2.3283064365386963e-10,1008054.1022087771,3,0.002149265817156687,0,60,24,0.625,0.0003,0.001,0.001,60,36
2025-12-24,1012267.8254048751,0.0,1012267.8254048751,3,0.004180056593058756,0,60,24,0.625,0.0003,0.001,0.001,60,36
2025-12-25,1014990.5152330967,0.0,1014990.5152330967,3,0.0026896931423583403,0,60,24,0.625,0.0003,0.001,0.001,60,36
2025-12-26,1036142.4377447582,0.0,1036142.4377447582,3,0.020839527260807955,0,60,24,0.625,0.0003,0.001,0.001,60,36
2025-12-29,1049582.7137502492,0.0,1049582.7137502492,3,0.012971455965788747,0,60,24,0.625,0.0003,0.001,0.001,60,36
2025-12-30,1054491.5351180714,0.0,1054491.5351180714,3,0.00467692665238606,0,60,24,0.625,0.0003,0.001,0.001,60,36
2025-12-31,1068941.1550238142,0.0,1068941.1550238142,3,0.013702926410049221,0,60,24,0.625,0.0003,0.001,0.001,60,36
2026-01-05,1092888.9735808147,0.0,1092888.9735808147,3,0.022403308586679938,0,60,24,0.625,0.0003,0.001,0.001,60,36
2026-01-06,1172076.7987074705,0.0,1172076.7987074705,3,0.07245733742486182,0,60,24,0.625,0.0003,0.001,0.001,60,36
2026-01-07,1181624.5616167479,0.0,1181624.5616167479,3,0.008146021591593833,0,60,24,0.625,0.0003,0.001,0.001,60,36
2026-01-08,1160893.700017944,0.0,1160893.700017944,3,-0.017544372613953696,0,60,24,0.625,0.0003,0.001,0.001,60,36
2026-01-09,1160666.5461746124,0.0,1160666.5461746124,3,-0.00019567152731392312,0,60,24,0.625,0.0003,0.001,0.001,60,36
2026-01-12,1156358.2735934667,0.0,1156358.2735934667,3,-0.00371189519965498,0,60,24,0.625,0.0003,0.001,0.001,60,36
2026-01-13,1165710.063701379,0.0,1165710.063701379,3,0.008087277378879376,0,60,24,0.625,0.0003,0.001,0.001,60,36
2026-01-14,1151178.560442304,0.0,1151178.560442304,3,-0.012465795493722065,0,60,24,0.625,0.0003,0.001,0.001,60,36
2026-01-15,1148080.0312075866,0.0,1148080.0312075866,3,-0.0026916147860909234,0,60,24,0.625,0.0003,0.001,0.001,60,36
2026-01-16,1159823.7764293223,0.0,1159823.7764293223,3,0.010229030122040461,0,60,24,0.625,0.0003,0.001,0.001,60,36
2026-01-19,1185296.9593684084,0.0,1185296.9593684084,3,0.021962977011480866,0,60,24,0.625,0.0003,0.001,0.001,60,36
2026-01-20,1217836.9068861282,0.0,1217836.9068861282,3,0.027452991641064184,0,60,24,0.625,0.0003,0.001,0.001,60,36
2026-01-21,1200422.9014801744,0.0,1200422.9014801744,3,-0.014299127664376243,0,60,24,0.625,0.0003,0.001,0.001,60,36
2026-01-22,1214831.267088634,0.0,1214831.267088634,3,0.012002741359476987,0,60,24,0.625,0.0003,0.001,0.001,60,36
2026-01-23,1214831.267088634,1214831.267088634,0.0,0,0.0,1,40,24,0.625,0.0003,0.001,0.001,60,37
2026-01-26,1214831.267088634,1214831.267088634,0.0,0,0.0,1,40,24,0.625,0.0003,0.001,0.001,60,38
2026-01-27,1214831.267088634,1214831.267088634,0.0,0,0.0,1,40,24,0.625,0.0003,0.001,0.001,60,39
2026-01-28,1214831.267088634,1214831.267088634,0.0,0,0.0,1,40,24,0.625,0.0003,0.001,0.001,60,40
2026-01-29,1243670.9810868716,0.0,1243670.9810868716,3,0.023739686966859574,0,60,24,0.625,0.0003,0.001,0.001,60,40
2026-01-30,1243670.9810868716,1243670.9810868716,0.0,0,0.0,1,40,24,0.625,0.0003,0.001,0.001,60,41
2026-02-02,1243670.9810868716,1243670.9810868716,0.0,0,0.0,1,40,24,0.625,0.0003,0.001,0.001,60,42
2026-02-03,1243670.9810868716,1243670.9810868716,0.0,0,0.0,1,40,24,0.625,0.0003,0.001,0.001,60,43
2026-02-04,1243670.9810868716,1243670.9810868716,0.0,0,0.0,1,40,24,0.625,0.0003,0.001,0.001,60,44
2026-02-05,1243670.9810868716,1243670.9810868716,0.0,0,0.0,1,40,24,0.625,0.0003,0.001,0.001,60,45
2026-02-06,1243670.9810868716,1243670.9810868716,0.0,0,0.0,1,40,24,0.625,0.0003,0.001,0.001,60,46
2026-02-09,1242986.915045193,0.0,1242986.915045193,3,-0.000550037793018876,0,60,24,0.625,0.0003,0.001,0.001,60,46
2026-02-10,1244129.9628054486,0.0,1244129.9628054486,3,0.0009195975809721535,0,60,24,0.625,0.0003,0.001,0.001,60,46
2026-02-11,1239444.7116395314,0.0,1239444.7116395314,3,-0.0037658856437732258,0,60,24,0.625,0.0003,0.001,0.001,60,46
2026-02-12,1228614.465010287,0.0,1228614.465010287,3,-0.008737982846300785,0,60,24,0.625,0.0003,0.001,0.001,60,46
2026-02-13,1228614.465010287,1228614.465010287,0.0,0,0.0,1,40,24,0.625,0.0003,0.001,0.001,60,47
2026-02-24,1228614.465010287,1228614.465010287,0.0,0,0.0,0,60,24,0.625,0.0003,0.001,0.001,60,47
2026-02-25,1228614.465010287,1228614.465010287,0.0,0,0.0,0,60,24,0.625,0.0003,0.001,0.001,60,47
2026-02-26,1228614.465010287,1228614.465010287,0.0,0,0.0,0,60,24,0.625,0.0003,0.001,0.001,60,47
2026-02-27,1228614.465010287,1228614.465010287,0.0,0,0.0,0,60,24,0.625,0.0003,0.001,0.001,60,47
2026-03-02,1240807.7151190424,0.0,1240807.7151190424,3,0.009924390812583672,0,60,24,0.625,0.0003,0.001,0.001,60,47
2026-03-03,1240807.7151190424,1240807.7151190424,0.0,0,0.0,1,40,24,0.625,0.0003,0.001,0.001,60,48
2026-03-04,1240807.7151190424,1240807.7151190424,0.0,0,0.0,1,40,24,0.625,0.0003,0.001,0.001,60,49
2026-03-05,1240807.7151190424,1240807.7151190424,0.0,0,0.0,1,40,24,0.625,0.0003,0.001,0.001,60,50
2026-03-06,1240807.7151190424,1240807.7151190424,0.0,0,0.0,1,40,24,0.625,0.0003,0.001,0.001,60,51
2026-03-09,1240807.7151190424,1240807.7151190424,0.0,0,0.0,1,40,24,0.625,0.0003,0.001,0.001,60,52
2026-03-10,1240807.7151190424,1240807.7151190424,0.0,0,0.0,1,40,24,0.625,0.0003,0.001,0.001,60,53
2026-03-11,1263713.9369119988,0.0,1263713.9369119988,3,0.018460734498865206,0,60,24,0.625,0.0003,0.001,0.001,60,53
2026-03-12,1266420.0458579808,0.0,1266420.0458579808,3,0.0021413936073180206,0,60,24,0.625,0.0003,0.001,0.001,60,53
2026-03-13,1266420.0458579808,1266420.0458579808,0.0,0,0.0,1,40,24,0.625,0.0003,0.001,0.001,60,54
2026-03-16,1266420.0458579808,1266420.0458579808,0.0,0,0.0,1,40,24,0.625,0.0003,0.001,0.001,60,55
2026-03-17,1266420.0458579808,1266420.0458579808,0.0,0,0.0,1,40,24,0.625,0.0003,0.001,0.001,60,56
2026-03-18,1266420.0458579808,1266420.0458579808,0.0,0,0.0,1,40,24,0.625,0.0003,0.001,0.001,60,57
2026-03-19,1266420.0458579808,1266420.0458579808,0.0,0,0.0,1,40,24,0.625,0.0003,0.001,0.001,60,58
2026-03-20,1266420.0458579808,1266420.0458579808,0.0,0,0.0,1,40,24,0.625,0.0003,0.001,0.001,60,59
2026-03-23,1266420.0458579808,1266420.0458579808,0.0,0,0.0,1,40,24,0.625,0.0003,0.001,0.001,60,60
2026-03-24,1266420.0458579808,1266420.0458579808,0.0,0,0.0,1,40,24,0.625,0.0003,0.001,0.001,60,61
2026-03-25,1266420.0458579808,1266420.0458579808,0.0,0,0.0,1,40,24,0.625,0.0003,0.001,0.001,60,62
2026-03-26,1266420.0458579808,1266420.0458579808,0.0,0,0.0,1,40,24,0.625,0.0003,0.001,0.001,60,63
2026-03-27,1266420.0458579808,1266420.0458579808,0.0,0,0.0,1,40,24,0.625,0.0003,0.001,0.001,60,64
2026-03-30,1266420.0458579808,1266420.0458579808,0.0,0,0.0,1,40,24,0.625,0.0003,0.001,0.001,60,65
2026-03-31,1266420.0458579808,1266420.0458579808,0.0,0,0.0,1,40,24,0.625,0.0003,0.001,0.001,60,66
2026-04-01,1266420.0458579808,1266420.0458579808,0.0,0,0.0,1,40,24,0.625,0.0003,0.001,0.001,60,67
2026-04-02,1266420.0458579808,1266420.0458579808,0.0,0,0.0,1,40,24,0.625,0.0003,0.001,0.001,60,68
2026-04-03,1266420.0458579808,1266420.0458579808,0.0,0,0.0,1,40,24,0.625,0.0003,0.001,0.001,60,69
2026-04-07,1266420.0458579808,1266420.0458579808,0.0,0,0.0,1,40,24,0.625,0.0003,0.001,0.001,60,70
2026-04-08,1283880.5353009568,0.0,1283880.5353009568,3,0.01378728132114082,0,60,24,0.625,0.0003,0.001,0.001,60,70
2026-04-09,1276438.7942364272,0.0,1276438.7942364272,3,-0.005796287785284626,0,60,24,0.625,0.0003,0.001,0.001,60,70
2026-04-10,1290810.487050716,0.0,1290810.487050716,3,0.011259210296006517,0,60,24,0.625,0.0003,0.001,0.001,60,70
2026-04-13,1309224.975428621,0.0,1309224.975428621,3,0.014265834189168158,0,60,24,0.625,0.0003,0.001,0.001,60,70
2026-04-14,1259281.653010182,0.0,1259281.653010182,3,-0.038147242342431054,0,60,24,0.625,0.0003,0.001,0.001,60,70
2026-04-15,1256195.6231606158,0.0,1256195.6231606158,3,-0.002450627182719156,0,60,24,0.625,0.0003,0.001,0.001,60,70
2026-04-16,1261990.6728078593,0.0,1261990.6728078593,3,0.004613174525049724,0,60,24,0.625,0.0003,0.001,0.001,60,70
2026-04-17,1245813.6300519733,0.0,1245813.6300519733,3,-0.012818670616552952,0,60,24,0.625,0.0003,0.001,0.001,60,70
2026-04-20,1264440.5091715413,0.0,1264440.5091715413,3,0.014951577563644847,0,60,24,0.625,0.0003,0.001,0.001,60,70
2026-04-21,1264239.6625605153,0.0,1264239.6625605153,3,-0.0001588422781215737,0,60,24,0.625,0.0003,0.001,0.001,60,70
2026-04-22,1313839.1300453506,0.0,1313839.1300453506,3,0.03923264627244771,0,60,24,0.625,0.0003,0.001,0.001,60,70
2026-04-23,1324249.1314516137,0.0,1324249.1314516137,3,0.007923345536149373,0,60,24,0.625,0.0003,0.001,0.001,60,70
2026-04-24,1313767.4551093266,0.0,1313767.4551093266,3,-0.007915184607897197,0,60,24,0.625,0.0003,0.001,0.001,60,70
2026-04-27,1344401.8031800145,0.0,1344401.8031800145,3,0.023317938004590477,0,60,24,0.625,0.0003,0.001,0.001,60,70
2026-04-28,1350238.4284680025,0.0,1350238.4284680025,3,0.004341429232080918,0,60,24,0.625,0.0003,0.001,0.001,60,70
2026-04-29,1358130.1735758723,0.0,1358130.1735758723,3,0.00584470486210642,0,60,24,0.625,0.0003,0.001,0.001,60,70
2026-04-30,1350842.433294267,0.0,1350842.433294267,3,-0.005366010139084998,0,60,24,0.625,0.0003,0.001,0.001,60,70
2026-05-06,1339458.090074863,0.0,1339458.090074863,3,-0.008427587806552062,0,60,24,0.625,0.0003,0.001,0.001,60,70
2026-05-07,1309184.6906637764,0.0,1309184.6906637764,3,-0.022601229284743618,0,60,24,0.625,0.0003,0.001,0.001,60,70
2026-05-08,1311207.1363671687,0.0,1311207.1363671687,3,0.0015448131327955306,0,60,24,0.625,0.0003,0.001,0.001,60,70
2026-05-11,1316645.3909329465,0.0,1316645.3909329465,3,0.004147517516450483,0,60,24,0.625,0.0003,0.001,0.001,60,70
2026-05-12,1307763.6301287443,0.0,1307763.6301287443,3,-0.006745750120242144,0,60,24,0.625,0.0003,0.001,0.001,60,70
2026-05-13,1313762.8239015108,0.0,1313762.8239015108,3,0.004587368569177741,0,60,24,0.625,0.0003,0.001,0.001,60,70
2026-05-14,1297583.5581351093,0.0,1297583.5581351093,3,-0.012315210532715226,0,60,24,0.625,0.0003,0.001,0.001,60,70
2026-05-15,1287178.526659447,0.0,1287178.526659447,3,-0.008018775677626766,0,60,24,0.625,0.0003,0.001,0.001,60,70
2026-05-18,1294398.4814678188,0.0,1294398.4814678188,3,0.0056091324232308,0,60,24,0.625,0.0003,0.001,0.001,60,70
2026-05-19,1301985.063902047,0.0,1301985.063902047,3,0.005861087248514973,0,60,24,0.625,0.0003,0.001,0.001,60,70
2026-05-20,1274694.2945650257,0.0,1274694.2945650257,3,-0.020960892788762786,0,60,24,0.625,0.0003,0.001,0.001,60,70
2026-05-21,1274694.2945650257,1274694.2945650257,0.0,0,0.0,1,40,24,0.625,0.0003,0.001,0.001,60,71
2026-05-22,1274694.2945650257,1274694.2945650257,0.0,0,0.0,1,40,24,0.625,0.0003,0.001,0.001,60,72
2026-05-25,1248873.9279198512,0.0,1248873.9279198512,3,-0.020256124747138227,0,60,24,0.625,0.0003,0.001,0.001,60,72
2026-05-26,1259687.5405826466,0.0,1259687.5405826466,3,0.008658690377824518,0,60,24,0.625,0.0003,0.001,0.001,60,72
2026-05-27,1224837.8162811673,0.0,1224837.8162811673,3,-0.027665371910688408,0,60,24,0.625,0.0003,0.001,0.001,60,72
2026-05-28,1206050.793830964,0.0,1206050.793830964,3,-0.015338375579588281,0,60,24,0.625,0.0003,0.001,0.001,60,72
2026-05-29,1262126.9920973678,0.0,1262126.9920973678,3,0.046495718549531606,0,60,24,0.625,0.0003,0.001,0.001,60,72
2026-06-01,1262126.9920973678,1262126.9920973678,0.0,0,0.0,1,40,24,0.625,0.0003,0.001,0.001,60,73
2026-06-02,1264821.777291291,0.0,1264821.777291291,3,0.002135114145245476,0,60,24,0.625,0.0003,0.001,0.001,60,73
2026-06-03,1261699.1194638032,0.0,1261699.1194638032,3,-0.0024688520418861826,0,60,24,0.625,0.0003,0.001,0.001,60,73
2026-06-04,1259620.5095469055,0.0,1259620.5095469055,3,-0.0016474687862040316,0,60,24,0.625,0.0003,0.001,0.001,60,73
2026-06-05,1259620.5095469055,1259620.5095469055,0.0,0,0.0,1,40,24,0.625,0.0003,0.001,0.001,60,74
2026-06-08,1259620.5095469055,1259620.5095469055,0.0,0,0.0,1,40,24,0.625,0.0003,0.001,0.001,60,75
2026-06-09,1259620.5095469055,1259620.5095469055,0.0,0,0.0,1,40,24,0.625,0.0003,0.001,0.001,60,76
2026-06-10,1259620.5095469055,1259620.5095469055,0.0,0,0.0,1,40,24,0.625,0.0003,0.001,0.001,60,77
2026-06-11,1259620.5095469055,1259620.5095469055,0.0,0,0.0,1,40,24,0.625,0.0003,0.001,0.001,60,78
2026-06-12,1259620.5095469055,1259620.5095469055,0.0,0,0.0,1,40,24,0.625,0.0003,0.001,0.001,60,79
2026-06-15,1255728.1346635143,0.0,1255728.1346635143,3,-0.003090117105818857,0,60,24,0.625,0.0003,0.001,0.001,60,79
2026-06-16,1245344.7144709534,0.0,1245344.7144709534,3,-0.0082688441119807,0,60,24,0.625,0.0003,0.001,0.001,60,79
2026-06-17,1284066.030031664,0.0,1284066.030031664,3,0.031092849321772142,0,60,24,0.625,0.0003,0.001,0.001,60,79
2026-06-18,1275082.349190996,0.0,1275082.349190996,3,-0.006996276383424371,0,60,24,0.625,0.0003,0.001,0.001,60,79
2026-06-22,1337420.0427145816,0.0,1337420.0427145816,3,0.04888915101298141,0,60,24,0.625,0.0003,0.001,0.001,60,79
2026-06-23,1306063.775394247,0.0,1306063.775394247,3,-0.023445339772754092,0,60,24,0.625,0.0003,0.001,0.001,60,79
2026-06-24,1320748.7890458878,0.0,1320748.7890458878,3,0.011243718666960278,0,60,24,0.625,0.0003,0.001,0.001,60,79
2026-06-25,1350680.3880508514,0.0,1350680.3880508514,3,0.02266259810587168,0,60,24,0.625,0.0003,0.001,0.001,60,79
2026-06-26,1350680.3880508514,1350680.3880508514,0.0,0,0.0,1,40,24,0.625,0.0003,0.001,0.001,60,80
2026-06-29,1347197.9737648822,450226.7960169506,896971.1777479316,2,-0.0025782667141518445,0,60,24,0.625,0.0003,0.001,0.001,60,80
2026-06-30,1387897.513460116,450226.7960169506,937670.7174431655,2,0.03021051136344477,0,60,24,0.625,0.0003,0.001,0.001,60,80
2026-07-01,1347088.3971122399,450226.7960169506,896861.6010952892,2,-0.02940355174074516,0,60,24,0.625,0.0003,0.001,0.001,60,80
2026-07-02,1347088.3971122399,1347088.3971122399,0.0,0,0.0,1,40,24,0.625,0.0003,0.001,0.001,60,81
2026-07-03,1347088.3971122399,1347088.3971122399,0.0,0,0.0,1,40,24,0.625,0.0003,0.001,0.001,60,82
2026-07-06,1347088.3971122399,1347088.3971122399,0.0,0,0.0,1,40,24,0.625,0.0003,0.001,0.001,60,83
2026-07-07,1347088.3971122399,1347088.3971122399,0.0,0,0.0,1,40,24,0.625,0.0003,0.001,0.001,60,84
2026-07-08,1347088.3971122399,1347088.3971122399,0.0,0,0.0,1,40,24,0.625,0.0003,0.001,0.001,60,85
2026-07-09,1347088.3971122399,1347088.3971122399,0.0,0,0.0,1,40,24,0.625,0.0003,0.001,0.001,60,86
2026-07-10,1347088.3971122399,1347088.3971122399,0.0,0,0.0,1,40,24,0.625,0.0003,0.001,0.001,60,87
2026-07-13,1347088.3971122399,1347088.3971122399,0.0,0,0.0,1,40,24,0.625,0.0003,0.001,0.001,60,88
2026-07-14,1347088.3971122399,1347088.3971122399,0.0,0,0.0,1,40,24,0.625,0.0003,0.001,0.001,60,89
2026-07-15,1347088.3971122399,1347088.3971122399,0.0,0,0.0,1,40,24,0.625,0.0003,0.001,0.001,60,90
2026-07-16,1347088.3971122399,1347088.3971122399,0.0,0,0.0,1,40,24,0.625,0.0003,0.001,0.001,60,91
2026-07-17,1347088.3971122399,1347088.3971122399,0.0,0,0.0,1,40,24,0.625,0.0003,0.001,0.001,60,92
2026-07-20,1347088.3971122399,1347088.3971122399,0.0,0,0.0,1,40,24,0.625,0.0003,0.001,0.001,60,93
2026-07-21,1347088.3971122399,1347088.3971122399,0.0,0,0.0,1,40,24,0.625,0.0003,0.001,0.001,60,94
2026-07-22,1347088.3971122399,1347088.3971122399,0.0,0,0.0,1,40,24,0.625,0.0003,0.001,0.001,60,95
2026-07-23,1347088.3971122399,1347088.3971122399,0.0,0,0.0,1,40,24,0.625,0.0003,0.001,0.001,60,96
2026-07-24,1347088.3971122399,1347088.3971122399,0.0,0,0.0,1,40,24,0.625,0.0003,0.001,0.001,60,97
2026-07-27,1347088.3971122399,1347088.3971122399,0.0,0,0.0,1,40,24,0.625,0.0003,0.001,0.001,60,98
2026-07-28,1347088.3971122399,1347088.3971122399,0.0,0,0.0,1,40,24,0.625,0.0003,0.001,0.001,60,99
2026-07-29,1347088.3971122399,1347088.3971122399,0.0,0,0.0,1,40,24,0.625,0.0003,0.001,0.001,60,100
2026-07-30,1347088.3971122399,1347088.3971122399,0.0,0,0.0,1,40,24,0.625,0.0003,0.001,0.001,60,101
2026-07-31,1347088.3971122399,1347088.3971122399,0.0,0,0.0,1,40,24,0.625,0.0003,0.001,0.001,60,102
2026-08-03,1347088.3971122399,1347088.3971122399,0.0,0,0.0,1,40,24,0.625,0.0003,0.001,0.001,60,103
2026-08-04,1347088.3971122399,1347088.3971122399,0.0,0,0.0,1,40,24,0.625,0.0003,0.001,0.001,60,104
