signal_date,stock_code,stock_name,rank,board_score,board_streak,signal_close,t1_date,t2_date,buy_price,sell_date,sell_price,hold_days,ride_days,pnl_ratio,status,exit_reason,market_score,index_ret_20d,market_limit_up_count,concept_limit_up_count
2025-06-09,002391,长青股份,1,76.5,2,6.81,2025-06-10,2025-06-11,6.833999999999999,2025-06-11,6.2,2,0,-0.09277143693298195,CLOSED,t2_close_exit,74,0.022505780093066807,74,0
2025-06-09,000795,英洛华,3,67.75,1,10.99104136,2025-06-10,2025-06-11,11.125464168,2025-06-11,11.77187973,2,0,0.05810234541577821,CLOSED,t2_close_exit,74,0.022505780093066807,74,0
2025-06-09,002038,双鹭药业,4,67.75,1,7.71905556,2025-06-10,2025-06-11,7.8879472988999995,2025-06-11,7.59938028,2,0,-0.036583284340685314,CLOSED,t2_close_exit,74,0.022505780093066807,74,0
2025-06-09,002105,信隆健康,5,67.75,1,9.36,2025-06-10,2025-06-11,9.647999999999998,2025-06-11,9.12,2,0,-0.054726368159203856,CLOSED,t2_close_exit,74,0.022505780093066807,74,0
2025-06-11,002181,粤 传 媒,1,80.0,3,7.99132557,2025-06-12,2025-06-13,8.459219167499999,2025-06-13,7.91210549,2,0,-0.06467661691542274,CLOSED,t2_close_exit,56,0.005771735048390347,56,0
2025-06-11,000948,南天信息,2,67.75,1,20.82655036,2025-06-12,2025-06-13,20.210315432999998,2025-06-13,19.83101736,2,0,-0.018767548396630588,CLOSED,t2_close_exit,56,0.005771735048390347,56,0
2025-06-11,001234,泰慕士,3,67.75,1,23.82084192,2025-06-12,2025-06-13,26.337904309799995,2025-06-13,21.21790224,2,0,-0.1943967146958958,CLOSED,t2_close_exit,56,0.005771735048390347,56,0
2025-06-11,001316,润贝航科,4,67.75,1,32.59592887,2025-06-12,2025-06-13,33.1603829898,2025-06-13,33.55607556,2,0,0.011932689990996524,CLOSED,t2_close_exit,56,0.005771735048390347,56,0
2025-06-11,002376,新北洋,5,67.75,1,7.84,2025-06-12,2025-06-13,,,,0,0,,SKIPPED,t1_one_word_limit_up,56,0.005771735048390347,56,0
2025-06-12,002878,元隆雅图,1,76.5,2,22.66,2025-06-13,2025-06-16,23.788349999999998,2025-06-16,27.42,2,0,0.15266506504234234,CLOSED,t2_close_exit,70,0.005170144001090948,70,0
2025-06-12,600250,南京商旅,2,76.5,2,14.08,2025-06-13,2025-06-16,14.170499999999999,2025-06-16,11.92,2,0,-0.15881584982886976,CLOSED,t2_close_exit,70,0.005170144001090948,70,0
2025-06-12,000403,派林生物,3,67.75,1,18.62,2025-06-13,2025-06-16,18.994499999999995,2025-06-16,18.75,2,0,-0.012872147200505153,CLOSED,t2_close_exit,70,0.005170144001090948,70,0
2025-06-12,002017,东信和平,4,67.75,1,12.97,2025-06-13,2025-06-16,13.205699999999998,2025-06-16,13.27,2,0,0.004869109551178744,CLOSED,t2_close_exit,70,0.005170144001090948,70,0
2025-06-13,600281,华阳新材,1,80.0,3,7.26,2025-06-16,2025-06-17,,,,0,0,,SKIPPED,t1_open_gap_down,60,0.008085142634119968,60,0
2025-06-13,002365,永安药业,2,76.5,2,25.162332,2025-06-16,2025-06-17,26.039276639999997,2025-06-17,25.6107696,2,0,-0.01645618063528496,CLOSED,t2_close_exit,60,0.008085142634119968,60,0
2025-06-13,000520,凤凰航运,3,67.75,1,5.27,2025-06-16,2025-06-17,5.205899999999999,2025-06-17,5.58,2,0,0.07186077335331091,CLOSED,t2_close_exit,60,0.008085142634119968,60,0
2025-06-13,001278,一彬科技,5,67.75,1,20.98944079,2025-06-16,2025-06-17,,,,0,0,,SKIPPED,t1_open_gap_down,60,0.008085142634119968,60,0
2025-06-16,002878,元隆雅图,1,80.0,4,27.42,2025-06-17,2025-06-18,27.285749999999997,2025-06-18,23.02,2,0,-0.15633618280604336,CLOSED,t2_close_exit,60,0.013075390603048742,60,0
2025-06-16,000554,泰山石油,2,76.5,2,7.71986401,2025-06-17,2025-06-18,7.689455397,2025-06-18,7.61196248,2,0,-0.01007781604796528,CLOSED,t2_close_exit,60,0.013075390603048742,60,0
2025-06-16,603988,中电电机,4,76.5,2,28.12,2025-06-17,2025-06-18,27.637499999999996,2025-06-18,27.72,2,0,0.0029850746268657853,CLOSED,t2_close_exit,60,0.013075390603048742,60,0
2025-06-16,000766,通化金马,5,67.75,1,27.61,2025-06-17,2025-06-18,27.748049999999996,2025-06-18,27.99,2,0,0.008719531642764188,CLOSED,t2_close_exit,60,0.013075390603048742,60,0
2025-06-23,600113,浙江东日,2,76.5,2,22.69636304,2025-06-24,2025-06-25,22.809844855199998,2025-06-25,25.2292612,2,0,0.10606895225104714,CLOSED,t2_close_exit,77,0.014783272882084475,77,0
2025-06-23,600794,保税科技,3,76.5,2,5.24,2025-06-24,2025-06-25,5.226,2025-06-25,5.34,2,0,0.021814006888633733,CLOSED,t2_close_exit,77,0.014783272882084475,77,0
2025-06-23,603538,美诺华,4,76.5,2,20.26036236,2025-06-24,2025-06-25,20.953165002,2025-06-25,19.6,2,0,-0.06458045845917962,CLOSED,t2_close_exit,77,0.014783272882084475,77,0
2025-06-23,000547,航天发展,5,67.75,1,7.96,2025-06-24,2025-06-25,7.828949999999999,2025-06-25,7.94,2,0,0.014184533047215966,CLOSED,t2_close_exit,77,0.014783272882084475,77,0
2025-06-24,600110,诺德股份,1,80.0,6,6.24,2025-06-25,2025-06-26,6.4319999999999995,2025-06-26,7.2,2,0,0.11940298507462697,CLOSED,t2_close_exit,77,0.027514660497154786,77,3
2025-06-24,600113,浙江东日,2,80.0,3,24.96998816,2025-06-25,2025-06-26,26.056940519999998,2025-06-26,27.75218732,2,0,0.06505931879066221,CLOSED,t2_close_exit,77,0.027514660497154786,77,0
2025-06-24,000892,欢瑞世纪,3,76.5,2,4.63,2025-06-25,2025-06-26,4.6833,2025-06-26,4.8,2,0,0.024918326820831425,CLOSED,t2_close_exit,77,0.027514660497154786,77,0
2025-06-24,002565,顺灏股份,4,76.5,2,6.13,2025-06-25,2025-06-26,6.26115,2025-06-26,5.89,2,0,-0.05927824760627043,CLOSED,t2_close_exit,77,0.027514660497154786,77,0
2025-06-24,001236,弘业期货,5,67.75,1,10.91103468,2025-06-25,2025-06-26,11.407426807199998,2025-06-26,13.19915459,2,0,0.1570667787821457,CLOSED,t2_close_exit,77,0.027514660497154786,77,0
2025-06-25,002846,英联股份,1,80.0,4,18.04,2025-06-26,2025-06-27,17.5875,2025-06-27,19.7,2,0,0.12011371712864255,CLOSED,t2_close_exit,74,0.04455434504015998,74,0
2025-06-25,002537,海联金汇,2,80.0,3,11.46,2025-06-26,2025-06-27,12.31125,2025-06-27,10.81,2,0,-0.12194131383896833,CLOSED,t2_close_exit,74,0.04455434504015998,74,0
2025-06-25,001236,弘业期货,3,76.5,2,12.00013979,2025-06-26,2025-06-27,,,,0,0,,SKIPPED,t1_one_word_limit_up,74,0.04455434504015998,74,0
2025-06-25,002670,国盛证券,4,76.5,2,14.48,2025-06-26,2025-06-27,,,,0,0,,SKIPPED,t1_one_word_limit_up,74,0.04455434504015998,74,0
2025-06-25,600095,湘财股份,5,76.5,2,10.0,2025-06-26,2025-06-27,10.854,2025-06-27,10.33,2,0,-0.04827713285424721,CLOSED,t2_close_exit,74,0.04455434504015998,74,0
2025-06-26,600698,湖南天雁,1,76.5,2,8.71,2025-06-27,2025-06-30,8.914349999999999,2025-06-30,9.1,2,0,0.020825971607576637,CLOSED,t2_close_exit,69,0.044003164197380595,69,5
2025-06-26,000607,华媒控股,3,67.75,1,4.51,2025-06-27,2025-06-30,4.47225,2025-06-30,4.57,2,0,0.02185700709933489,CLOSED,t2_close_exit,69,0.044003164197380595,69,0
2025-06-26,000850,华茂股份,4,67.75,1,4.65828832,2025-06-27,2025-06-30,4.475039477999999,2025-06-30,4.36469872,2,0,-0.0246569351046962,CLOSED,t2_close_exit,69,0.044003164197380595,69,0
2025-06-26,000892,欢瑞世纪,5,67.75,1,4.8,2025-06-27,2025-06-30,4.6833,2025-06-30,4.84,2,0,0.03345931287767169,CLOSED,t2_close_exit,69,0.044003164197380595,69,0
2025-06-27,603316,诚邦股份,1,76.5,2,8.17,2025-06-30,2025-07-01,,,,0,0,,SKIPPED,t1_one_word_limit_up,60,0.03076715660756779,60,5
2025-06-27,000065,北方国际,3,67.75,1,11.73,2025-06-30,2025-07-01,12.462,2025-07-01,12.09,2,0,-0.02985074626865671,CLOSED,t2_close_exit,60,0.03076715660756779,60,0
2025-06-27,000737,北方铜业,5,67.75,1,10.21265298,2025-06-30,2025-07-01,11.0103493374,2025-07-01,11.42113374,2,0,0.037308934531681645,CLOSED,t2_close_exit,60,0.03076715660756779,60,0
2025-06-30,001236,弘业期货,1,80.0,5,15.96688042,2025-07-01,2025-07-02,16.71951200175,2025-07-02,12.92937626,2,0,-0.22668937594310734,CLOSED,t2_close_exit,81,0.054694718048106994,81,0
2025-06-30,001298,好上好,2,80.0,4,22.32579192,2025-07-01,2025-07-02,23.51640906,2025-07-02,24.19774488,2,0,0.02897278314310788,CLOSED,t2_close_exit,81,0.054694718048106994,81,3
2025-06-30,600967,内蒙一机,3,76.5,2,19.274922,2025-07-01,2025-07-02,19.901879928,2025-07-02,17.3125656,2,0,-0.1301040071273412,CLOSED,t2_close_exit,81,0.054694718048106994,81,0
2025-06-30,002052,同洲电子,5,67.75,1,10.37,2025-07-01,2025-07-02,10.813799999999999,2025-07-02,11.3,2,0,0.044961068264625016,CLOSED,t2_close_exit,81,0.054694718048106994,81,0
2025-07-01,600990,四创电子,2,76.5,2,30.84,2025-07-02,2025-07-03,30.994199999999996,2025-07-03,28.94,2,0,-0.06627691632628023,CLOSED,t2_close_exit,68,0.0500377510054717,68,0
2025-07-01,000153,丰原药业,3,67.75,1,6.79,2025-07-02,2025-07-03,6.904349999999999,2025-07-03,6.7,2,0,-0.02959728287239189,CLOSED,t2_close_exit,68,0.0500377510054717,68,0
2025-07-01,000856,冀东装备,4,67.75,1,11.96,2025-07-02,2025-07-03,11.657999999999998,2025-07-03,11.12,2,0,-0.04614856750729101,CLOSED,t2_close_exit,68,0.0500377510054717,68,0
2025-07-02,603716,塞力医疗,2,76.5,2,17.42,2025-07-03,2025-07-04,18.069899999999997,2025-07-04,21.08,2,0,0.16658088866014764,CLOSED,t2_close_exit,63,0.030427366730838346,63,0
2025-07-02,000798,中水渔业,4,67.75,1,8.16,2025-07-03,2025-07-04,8.271149999999999,2025-07-04,7.66,2,0,-0.07388936242239576,CLOSED,t2_close_exit,63,0.030427366730838346,63,0
2025-07-02,000959,首钢股份,5,67.75,1,3.86,2025-07-03,2025-07-04,3.88935,2025-07-04,4.01,2,0,0.031020607556532565,CLOSED,t2_close_exit,63,0.030427366730838346,63,0
2025-07-03,000661,长春高新,1,67.75,1,106.13002443,2025-07-04,2025-07-07,109.54499999999999,2025-07-07,100.3,2,0,-0.08439454105618688,CLOSED,t2_close_exit,63,0.02847779679472162,63,0
2025-07-03,000670,盈方微,2,67.75,1,7.77,2025-07-04,2025-07-07,8.02995,2025-07-07,7.91,2,0,-0.014937826511995635,CLOSED,t2_close_exit,63,0.02847779679472162,63,8
2025-07-03,000889,中嘉博创,3,67.75,1,3.92,2025-07-04,2025-07-07,4.160699999999999,2025-07-07,3.82,2,0,-0.08188525969187868,CLOSED,t2_close_exit,63,0.02847779679472162,63,0
2025-07-03,000892,欢瑞世纪,4,67.75,1,4.81,2025-07-04,2025-07-07,4.894349999999999,2025-07-07,4.7,2,0,-0.03970905227456131,CLOSED,t2_close_exit,63,0.02847779679472162,63,0
2025-07-03,000913,钱江摩托,5,67.75,1,16.2387306,2025-07-04,2025-07-07,16.29057187125,2025-07-07,15.70328085,2,0,-0.03605097634948368,CLOSED,t2_close_exit,63,0.02847779679472162,63,0
2025-07-07,002721,金一文化,1,80.0,3,4.42,2025-07-08,2025-07-09,4.4822999999999995,2025-07-09,4.9,2,0,0.0931887646966961,CLOSED,t2_close_exit,68,0.017394376298045744,68,0
2025-07-07,002562,兄弟科技,2,76.5,2,5.96,2025-07-08,2025-07-09,6.0802499999999995,2025-07-09,6.28,2,0,0.032852267587681554,CLOSED,t2_close_exit,68,0.017394376298045744,68,0
2025-07-07,002987,京北方,3,76.5,2,25.63,2025-07-08,2025-07-09,26.240549999999995,2025-07-09,26.72,2,0,0.018271339587013366,CLOSED,t2_close_exit,68,0.017394376298045744,68,0
2025-07-07,600571,信雅达,4,76.5,2,20.33492661,2025-07-08,2025-07-09,21.458932447949998,2025-07-09,21.71119923,2,0,0.011755793661305821,CLOSED,t2_close_exit,68,0.017394376298045744,68,0
2025-07-07,002201,九鼎新材,5,75.93814585279793,2,8.25298726,2025-07-08,2025-07-09,8.294252196299999,2025-07-09,9.46195997,2,0,0.14078517822509753,CLOSED,t2_close_exit,68,0.017394376298045744,68,0
2025-07-08,000920,沃顿科技,1,76.5,2,12.50018928,2025-07-09,2025-07-10,13.002784469999998,2025-07-10,11.90304648,2,0,-0.08457711442786053,CLOSED,t2_close_exit,69,0.039925072528779415,69,0
2025-07-08,600513,联环药业,2,76.5,2,13.08,2025-07-09,2025-07-10,14.059949999999999,2025-07-10,13.62,2,0,-0.03129100743601504,CLOSED,t2_close_exit,69,0.039925072528779415,69,0
2025-07-08,603256,宏和科技,3,76.5,2,22.28,2025-07-09,2025-07-10,22.913999999999998,2025-07-10,22.03,2,0,-0.038579034651304744,CLOSED,t2_close_exit,69,0.039925072528779415,69,3
2025-07-08,000607,华媒控股,4,67.75,1,4.95,2025-07-09,2025-07-10,5.47725,2025-07-10,6.0,2,0,0.09544023004244837,CLOSED,t2_close_exit,69,0.039925072528779415,69,0
2025-07-08,000617,中油资本,5,67.75,1,8.6055044,2025-07-09,2025-07-10,8.648531921999998,2025-07-10,9.451132,2,0,0.09280188652115161,CLOSED,t2_close_exit,69,0.039925072528779415,69,0
2025-07-09,600475,华光环能,1,80.0,5,16.2426551,2025-07-10,2025-07-11,17.2215347775,2025-07-11,16.0776072,2,0,-0.0664242526743056,CLOSED,t2_close_exit,56,0.03296752677437631,56,0
2025-07-09,605500,森林包装,3,80.0,5,12.07,2025-07-10,2025-07-11,12.562499999999998,2025-07-11,12.0,2,0,-0.04477611940298494,CLOSED,t2_close_exit,56,0.03296752677437631,56,0
2025-07-09,002520,日发精机,4,76.5,2,7.41,2025-07-10,2025-07-11,7.436999999999999,2025-07-11,6.96,2,0,-0.06413876563130287,CLOSED,t2_close_exit,56,0.03296752677437631,56,0
2025-07-09,600148,长春一东,5,76.5,2,25.04,2025-07-10,2025-07-11,25.165199999999995,2025-07-11,23.92,2,0,-0.04948102935800207,CLOSED,t2_close_exit,56,0.03296752677437631,56,0
2025-07-10,600475,华光环能,1,80.0,6,17.864008,2025-07-11,2025-07-14,18.685121302499997,2025-07-14,16.213529,2,0,-0.13227595702947384,CLOSED,t2_close_exit,65,0.03461569517878882,65,0
2025-07-10,000514,渝 开 发,2,80.0,4,6.86,2025-07-11,2025-07-14,7.517399999999999,2025-07-14,6.37,2,0,-0.15263255912948617,CLOSED,t2_close_exit,65,0.03461569517878882,65,0
2025-07-10,000892,欢瑞世纪,3,76.5,2,5.69,2025-07-11,2025-07-14,6.040049999999999,2025-07-14,4.82,2,0,-0.2019933609821109,CLOSED,t2_close_exit,65,0.03461569517878882,65,0
2025-07-10,002640,跨境通,4,76.5,2,6.0,2025-07-11,2025-07-14,5.919449999999999,2025-07-14,5.63,2,0,-0.04889812398111304,CLOSED,t2_close_exit,65,0.03461569517878882,65,0
2025-07-10,603093,南华期货,5,76.5,2,25.26,2025-07-11,2025-07-14,25.838549999999998,2025-07-14,25.01,2,0,-0.032066427876177125,CLOSED,t2_close_exit,65,0.03461569517878882,65,0
2025-07-11,600513,联环药业,1,76.5,2,14.98,2025-07-14,2025-07-15,15.135299999999999,2025-07-15,14.83,2,0,-0.020171387418815554,CLOSED,t2_close_exit,65,0.058154525837503135,65,0
2025-07-11,600622,光大嘉宝,2,76.5,2,3.64,2025-07-14,2025-07-15,3.5476499999999995,2025-07-15,3.16,2,0,-0.10926951644046043,CLOSED,t2_close_exit,65,0.058154525837503135,65,0
2025-07-11,000702,正虹科技,3,67.75,1,8.48,2025-07-14,2025-07-15,,,,0,0,,SKIPPED,t1_open_gap_down,65,0.058154525837503135,65,0
2025-07-11,000758,中色股份,4,67.75,1,5.69,2025-07-14,2025-07-15,5.989799999999999,2025-07-15,5.64,2,0,-0.058399278773915535,CLOSED,t2_close_exit,65,0.058154525837503135,65,0
2025-07-14,600513,联环药业,1,80.0,3,16.48,2025-07-15,2025-07-16,16.08,2025-07-16,16.31,2,0,0.014303482587064705,CLOSED,t2_close_exit,66,0.05121546134501087,66,0
2025-07-14,002896,中大力德,2,76.5,2,67.58,2025-07-15,2025-07-16,70.35,2025-07-16,70.9,2,0,0.00781805259417216,CLOSED,t2_close_exit,66,0.05121546134501087,66,0
2025-07-14,605259,绿田机械,3,76.5,2,24.06,2025-07-15,2025-07-16,24.924,2025-07-16,26.4,2,0,0.05922002888781894,CLOSED,t2_close_exit,66,0.05121546134501087,66,0
2025-07-14,000678,襄阳轴承,5,67.75,1,16.72,2025-07-15,2025-07-16,16.914149999999996,2025-07-16,17.06,2,0,0.008622957701096595,CLOSED,t2_close_exit,66,0.05121546134501087,66,0
2025-07-16,002209,达 意 隆,1,80.0,4,18.54,2025-07-17,2025-07-18,20.481899999999996,2025-07-18,16.41,2,0,-0.19880479838296236,CLOSED,t2_close_exit,58,0.05324473472410696,58,0
2025-07-16,002393,力生制药,3,76.5,2,19.0948062,2025-07-17,2025-07-18,20.4921334125,2025-07-18,21.9894125,2,0,0.07306604233733298,CLOSED,t2_close_exit,58,0.05324473472410696,58,0
2025-07-16,002755,奥赛康,4,76.5,2,23.83,2025-07-17,2025-07-18,24.763199999999998,2025-07-18,25.81,2,0,0.042272404212702765,CLOSED,t2_close_exit,58,0.05324473472410696,58,0
2025-07-17,600822,上海物贸,1,80.0,5,16.09,2025-07-18,2025-07-21,,,,0,0,,SKIPPED,t1_open_gap_down,63,0.08059341056151359,63,0
2025-07-17,600826,兰生股份,2,80.0,5,13.09259991,2025-07-18,2025-07-21,13.6676006532,2025-07-21,13.8183097,2,0,0.0110267376567456,CLOSED,t2_close_exit,63,0.08059341056151359,63,0
2025-07-17,002394,联发股份,3,80.0,3,11.74,2025-07-18,2025-07-21,12.240899999999998,2025-07-21,11.2,2,0,-0.08503459712929597,CLOSED,t2_close_exit,63,0.08059341056151359,63,0
2025-07-17,002730,电光科技,5,76.5,2,19.81,2025-07-18,2025-07-21,19.898999999999997,2025-07-21,18.61,2,0,-0.06477712447861692,CLOSED,t2_close_exit,63,0.08059341056151359,63,0
2025-07-21,601003,柳钢股份,2,80.0,3,6.74,2025-07-22,2025-07-23,7.034999999999999,2025-07-23,7.79,2,0,0.10732054015636118,CLOSED,t2_close_exit,129,0.08786072637689113,129,0
2025-07-21,000400,许继电气,4,67.75,1,23.69794221,2025-07-22,2025-07-23,23.896118853449998,2025-07-23,23.35104636,2,0,-0.02281008463310777,CLOSED,t2_close_exit,129,0.08786072637689113,129,0
2025-07-21,000679,大连友谊,5,67.75,1,8.15,2025-07-22,2025-07-23,8.160599999999999,2025-07-23,8.3,2,0,0.01708207729823812,CLOSED,t2_close_exit,129,0.08786072637689113,129,0
2025-07-22,002017,东信和平,1,76.5,2,22.36,2025-07-23,2025-07-24,23.718,2025-07-24,23.4,2,0,-0.013407538578295025,CLOSED,t2_close_exit,113,0.07142241405751326,113,0
2025-07-22,002205,国统股份,2,76.5,2,13.56,2025-07-23,2025-07-24,13.758449999999998,2025-07-24,13.99,2,0,0.016829657410536956,CLOSED,t2_close_exit,113,0.07142241405751326,113,0
2025-07-22,600585,海螺水泥,3,76.5,2,26.89074674,2025-07-23,2025-07-24,27.85077708,2025-07-24,24.98058328,2,0,-0.1030561478322672,CLOSED,t2_close_exit,113,0.07142241405751326,113,0
2025-07-22,603367,辰欣药业,4,76.5,2,19.64375664,2025-07-23,2025-07-24,19.712108591999996,2025-07-24,20.2084032,2,0,0.025177144580129814,CLOSED,t2_close_exit,113,0.07142241405751326,113,0
2025-07-22,605122,四方新材,5,76.5,2,17.02,2025-07-23,2025-07-24,18.089999999999996,2025-07-24,16.0,2,0,-0.11553344389165267,CLOSED,t2_close_exit,113,0.07142241405751326,113,0
2025-07-23,002613,北玻股份,1,67.75,1,4.41,2025-07-24,2025-07-25,,,,0,0,,SKIPPED,t1_open_gap_down,57,0.05274831134882896,57,0
2025-07-23,002639,雪人集团,2,67.75,1,11.44,2025-07-24,2025-07-25,11.979599999999998,2025-07-25,11.43,2,0,-0.04587799258739843,CLOSED,t2_close_exit,57,0.05274831134882896,57,0
2025-07-23,002771,真视通,3,67.75,1,17.71,2025-07-24,2025-07-25,18.64275,2025-07-25,18.04,2,0,-0.03233160343833395,CLOSED,t2_close_exit,57,0.05274831134882896,57,0
2025-07-23,600137,浪莎股份,4,67.75,1,20.52,2025-07-24,2025-07-25,20.19045,2025-07-25,21.55,2,0,0.06733629017679162,CLOSED,t2_close_exit,57,0.05274831134882896,57,0
2025-07-24,603280,南方路机,1,80.0,4,38.23,2025-07-25,2025-07-28,40.199999999999996,2025-07-28,41.22,2,0,0.02537313432835829,CLOSED,t2_close_exit,74,0.07255828500025041,74,0
2025-07-24,000505,京粮控股,2,67.75,1,7.5,2025-07-25,2025-07-28,7.5375,2025-07-28,6.93,2,0,-0.08059701492537313,CLOSED,t2_close_exit,74,0.07255828500025041,74,0
2025-07-24,000566,海南海药,3,67.75,1,7.18,2025-07-25,2025-07-28,7.336499999999999,2025-07-28,6.71,2,0,-0.0853949430927553,CLOSED,t2_close_exit,74,0.07255828500025041,74,0
2025-07-24,000567,海德股份,4,67.75,1,7.32,2025-07-25,2025-07-28,7.637999999999999,2025-07-28,6.84,2,0,-0.1044776119402984,CLOSED,t2_close_exit,74,0.07255828500025041,74,0
2025-07-24,000572,海马汽车,5,67.75,1,4.92,2025-07-25,2025-07-28,4.93455,2025-07-28,4.51,2,0,-0.08603621404180725,CLOSED,t2_close_exit,74,0.07255828500025041,74,0
2025-07-28,605255,天普股份,1,76.5,2,27.10935407,2025-07-29,2025-07-30,28.239093683399997,2025-07-30,25.63048035,2,0,-0.09237595804759977,CLOSED,t2_close_exit,58,0.05880858333014749,58,0
2025-07-28,000558,天府文旅,2,67.75,1,5.71,2025-07-29,2025-07-30,5.738549999999999,2025-07-30,6.59,2,0,0.14837371809952005,CLOSED,t2_close_exit,58,0.05880858333014749,58,0
2025-07-28,002012,凯恩股份,3,67.75,1,5.83,2025-07-29,2025-07-30,5.708399999999999,2025-07-30,5.62,2,0,-0.015485950529044768,CLOSED,t2_close_exit,58,0.05880858333014749,58,4
2025-07-28,002022,科华生物,4,67.75,1,7.47,2025-07-29,2025-07-30,7.436999999999999,2025-07-30,6.83,2,0,-0.08161893236520093,CLOSED,t2_close_exit,58,0.05880858333014749,58,0
2025-07-28,002174,游族网络,5,67.75,1,15.09,2025-07-29,2025-07-30,15.175499999999998,2025-07-30,15.11,2,0,-0.0043161675068365685,CLOSED,t2_close_exit,58,0.05880858333014749,58,0
2025-08-04,601089,福元医药,1,76.5,2,29.19,2025-08-05,2025-08-06,29.808299999999996,2025-08-06,28.05,2,0,-0.05898692646007975,CLOSED,t2_close_exit,56,0.06520403613702808,56,0
2025-08-04,603286,日盈电子,2,76.5,2,33.85,2025-08-05,2025-08-06,34.169999999999995,2025-08-06,34.4,2,0,0.006731050629207024,CLOSED,t2_close_exit,56,0.06520403613702808,56,0
2025-08-04,000533,顺钠股份,4,67.75,1,7.68,2025-08-05,2025-08-06,7.627949999999999,2025-08-06,7.57,2,0,-0.007597060809260556,CLOSED,t2_close_exit,56,0.06520403613702808,56,0
2025-08-04,001306,夏厦精密,5,67.75,1,91.8,2025-08-05,2025-08-06,94.39965,2025-08-06,100.3,2,0,0.0625039393684193,CLOSED,t2_close_exit,56,0.06520403613702808,56,0
2025-08-05,002148,北纬科技,1,76.5,2,8.57,2025-08-06,2025-08-07,,,,0,0,,SKIPPED,t1_one_word_limit_up,54,0.05926980328973053,54,0
2025-08-05,000665,湖北广电,2,67.75,1,6.22,2025-08-06,2025-08-07,6.0802499999999995,2025-08-07,6.24,2,0,0.026273590724065744,CLOSED,t2_close_exit,54,0.05926980328973053,54,0
2025-08-05,000901,航天科技,3,67.75,1,14.63,2025-08-06,2025-08-07,14.994599999999998,2025-08-07,15.41,2,0,0.02770330652368198,CLOSED,t2_close_exit,54,0.05926980328973053,54,0
2025-08-05,000980,众泰汽车,4,67.75,1,2.23,2025-08-06,2025-08-07,2.2311,2025-08-07,2.36,2,0,0.05777419210255021,CLOSED,t2_close_exit,54,0.05926980328973053,54,0
2025-08-06,000901,航天科技,3,76.5,2,16.09,2025-08-07,2025-08-08,16.331249999999997,2025-08-08,16.95,2,0,0.03788748564867982,CLOSED,t2_close_exit,66,0.07367897740164797,66,0
2025-08-06,600475,华光环能,5,76.5,2,17.40495751,2025-08-07,2025-08-08,17.98147809,2025-08-08,21.06288119,2,0,0.17136539524599223,CLOSED,t2_close_exit,66,0.07367897740164797,66,0
2025-08-07,600475,华光环能,2,80.0,3,19.14445926,2025-08-08,2025-08-11,20.4789056025,2025-08-11,22.74274288,2,0,0.11054483679165161,CLOSED,t2_close_exit,64,0.07111170910852738,64,0
2025-08-07,603130,云中马,4,76.5,2,42.51460224,2025-08-08,2025-08-11,45.2275951512,2025-08-11,42.13642928,2,0,-0.06834689885380699,CLOSED,t2_close_exit,64,0.07111170910852738,64,0
2025-08-08,605598,上海港湾,1,76.173478404,2,29.32,2025-08-11,2025-08-12,,,,0,0,,SKIPPED,t1_one_word_limit_up,65,0.05835384067728411,65,0
2025-08-08,000702,正虹科技,3,67.75,1,8.43,2025-08-11,2025-08-12,8.240999999999998,2025-08-12,8.16,2,0,-0.009828904259191574,CLOSED,t2_close_exit,65,0.05835384067728411,65,0
2025-08-08,000877,天山股份,4,67.75,1,5.8,2025-08-11,2025-08-12,6.220949999999999,2025-08-12,5.91,2,0,-0.04998432715260518,CLOSED,t2_close_exit,65,0.05835384067728411,65,0
2025-08-08,000901,航天科技,5,67.75,1,16.95,2025-08-11,2025-08-12,17.899049999999995,2025-08-12,19.15,2,0,0.06988918406284152,CLOSED,t2_close_exit,65,0.05835384067728411,65,0
2025-08-11,000901,航天科技,1,76.5,2,18.65,2025-08-12,2025-08-13,20.6226,2025-08-13,21.07,2,0,0.021694645679982243,CLOSED,t2_close_exit,84,0.07452944421533791,84,0
2025-08-11,000011,深物业A,3,67.75,1,9.56,2025-08-12,2025-08-13,9.647999999999998,2025-08-13,10.13,2,0,0.04995854063018273,CLOSED,t2_close_exit,84,0.07452944421533791,84,0
2025-08-11,000628,高新发展,5,67.75,1,50.12,2025-08-12,2025-08-13,50.37059999999999,2025-08-13,53.6,2,0,0.06411279595637163,CLOSED,t2_close_exit,84,0.07452944421533791,84,0
2025-08-12,000011,深物业A,2,76.5,2,10.52,2025-08-13,2025-08-14,11.095199999999998,2025-08-14,10.3,2,0,-0.07167063234551858,CLOSED,t2_close_exit,51,0.08083042338200852,51,0
2025-08-12,002820,桂发祥,3,76.5,2,13.68,2025-08-13,2025-08-14,15.12525,2025-08-14,15.4,2,0,0.018164989008446205,CLOSED,t2_close_exit,51,0.08083042338200852,51,0
2025-08-12,600113,浙江东日,4,76.5,2,39.59897084,2025-08-13,2025-08-14,42.09198084,2025-08-14,46.14062908,2,0,0.09618573797678272,CLOSED,t2_close_exit,51,0.08083042338200852,51,0
2025-08-12,600410,华胜天成,5,76.5,2,15.62,2025-08-13,2025-08-14,16.160399999999996,2025-08-14,17.81,2,0,0.1020766812702658,CLOSED,t2_close_exit,51,0.08083042338200852,51,0
2025-08-13,000561,烽火电子,1,76.5,2,12.5,2025-08-14,2025-08-15,13.416749999999999,2025-08-15,14.4,2,0,0.07328525909776971,CLOSED,t2_close_exit,101,0.09320104121547557,101,0
2025-08-15,603256,宏和科技,1,80.0,3,32.86,2025-08-18,2025-08-19,36.330749999999995,2025-08-19,35.8,2,0,-0.014608836866841387,CLOSED,t2_close_exit,96,0.08629740750791282,96,9
2025-08-15,603222,济民健康,3,76.5,2,8.91,2025-08-18,2025-08-19,9.627899999999999,2025-08-19,10.78,2,0,0.11966264709853665,CLOSED,t2_close_exit,96,0.08629740750791282,96,0
2025-08-15,000970,中科三环,5,67.75,1,15.11,2025-08-18,2025-08-19,15.145349999999999,2025-08-19,15.17,2,0,0.0016275622550816701,CLOSED,t2_close_exit,96,0.08629740750791282,96,0
2025-08-18,600737,中粮糖业,1,80.0,3,15.27,2025-08-19,2025-08-20,16.08,2025-08-20,15.77,2,0,-0.019278606965174052,CLOSED,t2_close_exit,123,0.09457327669711657,123,0
2025-08-18,002837,英维克,3,76.5,2,70.2,2025-08-19,2025-08-20,69.345,2025-08-20,69.3,2,0,-0.0006489292667099532,CLOSED,t2_close_exit,123,0.09457327669711657,123,12
2025-08-18,600601,方正科技,5,76.5,2,7.43,2025-08-19,2025-08-20,7.527449999999999,2025-08-20,7.58,2,0,0.0069811157829013796,CLOSED,t2_close_exit,123,0.09457327669711657,123,0
2025-08-19,002600,领益智造,4,76.5,2,12.2239044,2025-08-20,2025-08-21,12.706568860499997,2025-08-21,12.1440096,2,0,-0.044273105247852135,CLOSED,t2_close_exit,95,0.09126646199908883,95,0
2025-08-20,002177,御银股份,2,76.5,2,8.26,2025-08-21,2025-08-22,,,,0,0,,SKIPPED,t1_one_word_limit_up,92,0.10567848505120159,92,0
2025-08-20,000420,吉林化纤,4,67.75,1,4.64,2025-08-21,2025-08-22,4.703399999999999,2025-08-22,4.51,2,0,-0.04111919037292163,CLOSED,t2_close_exit,92,0.10567848505120159,92,0
2025-08-20,000536,华映科技,5,67.75,1,5.57,2025-08-21,2025-08-22,6.110399999999999,2025-08-22,5.8,2,0,-0.05079863838701224,CLOSED,t2_close_exit,92,0.10567848505120159,92,0
2025-08-22,603626,科森科技,1,80.0,6,15.26,2025-08-25,2025-08-26,15.075,2025-08-26,15.6,2,0,0.03482587064676619,CLOSED,t2_close_exit,74,0.09786315291928416,74,0
2025-08-22,002177,御银股份,2,80.0,4,10.0,2025-08-25,2025-08-26,10.170599999999999,2025-08-26,9.33,2,0,-0.0826499911509644,CLOSED,t2_close_exit,74,0.09786315291928416,74,0
2025-08-22,603101,汇嘉时代,3,77.6137764296783,3,11.309852,2025-08-25,2025-08-26,11.535160055999999,2025-08-26,10.7369512,2,0,-0.06919790034337767,CLOSED,t2_close_exit,74,0.09786315291928416,74,0
2025-08-22,000676,智度股份,4,67.75,1,10.88,2025-08-25,2025-08-26,11.12535,2025-08-26,11.2,2,0,0.006709901261533355,CLOSED,t2_close_exit,74,0.09786315291928416,74,0
2025-08-22,000710,贝瑞基因,5,67.75,1,15.79,2025-08-25,2025-08-26,15.868949999999998,2025-08-26,15.94,2,0,0.0044772968595906725,CLOSED,t2_close_exit,74,0.09786315291928416,74,0
2025-08-25,002190,成飞集成,1,80.0,4,53.67,2025-08-26,2025-08-27,54.60164999999999,2025-08-27,51.1,2,0,-0.06413084586271645,CLOSED,t2_close_exit,81,0.11110718176089396,81,0
2025-08-25,000877,天山股份,2,76.5,2,7.24,2025-08-26,2025-08-27,7.336499999999999,2025-08-27,6.74,2,0,-0.08130579976828174,CLOSED,t2_close_exit,81,0.11110718176089396,81,0
2025-08-25,603716,塞力医疗,3,76.5,2,34.67,2025-08-26,2025-08-27,34.84335,2025-08-27,33.15,2,0,-0.048598943557379023,CLOSED,t2_close_exit,81,0.11110718176089396,81,0
2025-08-25,000070,特发信息,4,67.75,1,10.51,2025-08-26,2025-08-27,10.96455,2025-08-27,11.04,2,0,0.00688126735707348,CLOSED,t2_close_exit,81,0.11110718176089396,81,0
2025-08-25,000555,神州信息,5,67.75,1,15.86,2025-08-26,2025-08-27,15.788549999999999,2025-08-27,15.2,2,0,-0.03727701403865458,CLOSED,t2_close_exit,81,0.11110718176089396,81,0
2025-08-26,002600,领益智造,1,76.5,2,14.9003802,2025-08-27,2025-08-28,15.587125940249999,2025-08-28,16.2386181,2,0,0.04179681117913337,CLOSED,t2_close_exit,75,0.10371937281476917,75,0
2025-08-26,603929,亚翔集成,2,76.5,2,41.4151539,2025-08-27,2025-08-28,43.240054851,2025-08-28,41.03466132,2,0,-0.051003485971503,CLOSED,t2_close_exit,75,0.10371937281476917,75,4
2025-08-26,000029,深深房Ａ,3,67.75,1,33.08,2025-08-27,2025-08-28,,,,0,0,,SKIPPED,t1_open_gap_down,75,0.10371937281476917,75,0
2025-08-26,001296,长江材料,4,67.75,1,22.82548356,2025-08-27,2025-08-28,23.348712347999996,2025-08-28,24.89059908,2,0,0.06603733469405135,CLOSED,t2_close_exit,75,0.10371937281476917,75,0
2025-08-26,002131,利欧股份,5,67.75,1,5.31,2025-08-27,2025-08-28,5.597849999999999,2025-08-28,5.42,2,0,-0.031771126414605506,CLOSED,t2_close_exit,75,0.10371937281476917,75,0
2025-08-28,002232,启明信息,1,80.0,3,25.84,2025-08-29,2025-09-01,26.029499999999995,2025-09-01,24.14,2,0,-0.07259071438175896,CLOSED,t2_close_exit,62,0.1179855959584375,62,0
2025-08-28,002053,云南能投,2,76.5,2,13.63,2025-08-29,2025-09-01,13.55745,2025-09-01,14.47,2,0,0.0673098554669205,CLOSED,t2_close_exit,62,0.1179855959584375,62,0
2025-08-28,002195,岩山科技,3,76.5,2,8.05,2025-08-29,2025-09-01,8.3415,2025-09-01,8.88,2,0,0.06455673440028782,CLOSED,t2_close_exit,62,0.1179855959584375,62,0
2025-08-28,603222,济民健康,4,76.5,2,11.04,2025-08-29,2025-09-01,11.185649999999999,2025-09-01,12.67,2,0,0.13270127350668054,CLOSED,t2_close_exit,62,0.1179855959584375,62,0
2025-08-28,603948,建业股份,5,69.96534312,2,26.52,2025-08-29,2025-09-01,,,,0,0,,SKIPPED,t1_one_word_limit_up,62,0.1179855959584375,62,0
2025-08-29,002053,云南能投,1,80.0,3,14.99,2025-09-01,2025-09-02,15.215699999999998,2025-09-02,13.91,2,0,-0.085812680323613,CLOSED,t2_close_exit,69,0.11516501381011723,69,0
2025-08-29,000796,凯撒旅业,3,67.75,1,5.92,2025-09-01,2025-09-02,5.909399999999999,2025-09-02,5.9,2,0,-0.0015906860256537927,CLOSED,t2_close_exit,69,0.11516501381011723,69,3
2025-08-29,000839,国安股份,4,67.75,1,3.06,2025-09-01,2025-09-02,3.1456499999999994,2025-09-02,3.01,2,0,-0.04312304293230322,CLOSED,t2_close_exit,69,0.11516501381011723,69,0
2025-08-29,000920,沃顿科技,5,67.75,1,13.12718922,2025-09-01,2025-09-02,13.462882997399998,2025-09-02,12.81866544,2,0,-0.047851382020062956,CLOSED,t2_close_exit,69,0.11516501381011723,69,0
2025-09-01,002256,兆新股份,1,80.0,3,3.54,2025-09-02,2025-09-03,3.9094499999999996,2025-09-03,3.52,2,0,-0.0996175932675951,CLOSED,t2_close_exit,108,0.11298050030164575,108,0
2025-09-01,002074,国轩高科,2,76.5,2,40.12,2025-09-02,2025-09-03,41.506499999999996,2025-09-03,42.04,2,0,0.012853408502282865,CLOSED,t2_close_exit,108,0.11298050030164575,108,0
2025-09-01,605288,凯迪股份,5,76.5,2,86.8,2025-09-02,2025-09-03,87.43499999999999,2025-09-03,96.77,2,0,0.10676502544747538,CLOSED,t2_close_exit,108,0.11298050030164575,108,0
2025-09-02,605288,凯迪股份,1,80.0,3,95.48,2025-09-03,2025-09-04,100.28895,2025-09-04,96.18,2,0,-0.040971113966194614,CLOSED,t2_close_exit,51,0.07755469223412925,51,0
2025-09-02,000661,长春高新,2,76.5,2,124.71,2025-09-03,2025-09-04,126.76064999999998,2025-09-04,119.04,2,0,-0.06090730838000577,CLOSED,t2_close_exit,51,0.07755469223412925,51,0
2025-09-02,000564,供销大集,4,67.75,1,2.68,2025-09-03,2025-09-04,2.6330999999999998,2025-09-04,2.77,2,0,0.051991948653678274,CLOSED,t2_close_exit,51,0.07755469223412925,51,0
2025-09-05,000636,风华高科,1,67.75,1,15.57,2025-09-08,2025-09-09,15.56745,2025-09-09,14.79,2,0,-0.04994074173997668,CLOSED,t2_close_exit,103,0.0595977262789682,103,3
2025-09-08,600376,首开股份,1,80.0,4,3.86,2025-09-09,2025-09-10,4.15065,2025-09-10,4.68,2,0,0.12753424162480576,CLOSED,t2_close_exit,73,0.052865831012003595,73,0
2025-09-08,600977,中国电影,2,76.5,2,16.52,2025-09-09,2025-09-10,17.296049999999997,2025-09-10,17.71,2,0,0.023933210183828296,CLOSED,t2_close_exit,73,0.052865831012003595,73,0
2025-09-08,000926,福星股份,3,67.75,1,3.16,2025-09-09,2025-09-10,3.1757999999999997,2025-09-10,3.32,2,0,0.04540588198249264,CLOSED,t2_close_exit,73,0.052865831012003595,73,0
2025-09-08,000980,众泰汽车,4,67.75,1,2.94,2025-09-09,2025-09-10,3.0551999999999997,2025-09-10,3.28,2,0,0.07357947106572406,CLOSED,t2_close_exit,73,0.052865831012003595,73,0
2025-09-08,001226,拓山重工,5,67.75,1,40.63,2025-09-09,2025-09-10,40.53164999999999,2025-09-10,39.0,2,0,-0.03778898712487629,CLOSED,t2_close_exit,73,0.052865831012003595,73,0
2025-09-09,605298,必得科技,1,80.0,3,43.92,2025-09-10,2025-09-11,45.235049999999994,2025-09-11,41.3,2,0,-0.08699117166887176,CLOSED,t2_close_exit,55,0.037684040650748596,55,0
2025-09-09,000980,众泰汽车,2,76.5,2,3.23,2025-09-10,2025-09-11,3.2159999999999997,2025-09-11,3.39,2,0,0.05410447761194042,CLOSED,t2_close_exit,55,0.037684040650748596,55,0
2025-09-09,003036,泰坦股份,3,70.295882502,2,20.24,2025-09-10,2025-09-11,21.607499999999998,2025-09-11,18.24,2,0,-0.15584866365845193,CLOSED,t2_close_exit,55,0.037684040650748596,55,0
2025-09-09,000017,深中华A,4,67.75,1,7.5,2025-09-10,2025-09-11,7.336499999999999,2025-09-11,7.13,2,0,-0.02814693655012598,CLOSED,t2_close_exit,55,0.037684040650748596,55,0
2025-09-10,600376,首开股份,1,80.0,6,4.68,2025-09-11,2025-09-12,4.783799999999999,2025-09-12,5.51,2,0,0.15180400518416332,CLOSED,t2_close_exit,50,0.023474824378348913,50,0
2025-09-10,000718,苏宁环球,2,76.5,2,2.70698848,2025-09-11,2025-09-12,2.8595282687999997,2025-09-12,3.27012112,2,0,0.1435876174682147,CLOSED,t2_close_exit,50,0.023474824378348913,50,0
2025-09-10,603101,汇嘉时代,3,76.5,2,13.2754944,2025-09-11,2025-09-12,13.133405124,2025-09-12,12.9989216,2,0,-0.010239806259706772,CLOSED,t2_close_exit,50,0.023474824378348913,50,0
2025-09-10,603516,淳中科技,4,76.5,2,124.63,2025-09-11,2025-09-12,129.93644999999998,2025-09-12,150.8,2,0,0.16056733887989116,CLOSED,t2_close_exit,50,0.023474824378348913,50,5
2025-09-10,000061,农 产 品,5,67.75,1,9.28,2025-09-11,2025-09-12,9.6078,2025-09-12,9.26,2,0,-0.036199754366244036,CLOSED,t2_close_exit,50,0.023474824378348913,50,0
2025-09-11,002384,东山精密,2,76.5,2,79.44,2025-09-12,2025-09-15,79.88744999999999,2025-09-15,77.65,2,0,-0.028007528091082912,CLOSED,t2_close_exit,95,0.06068913183825453,95,22
2025-09-11,000035,中国天楹,3,67.75,1,5.21,2025-09-12,2025-09-15,5.205899999999999,2025-09-15,5.01,2,0,-0.037630380913962834,CLOSED,t2_close_exit,95,0.06068913183825453,95,0
2025-09-11,000586,汇源通信,4,67.75,1,13.96,2025-09-12,2025-09-15,13.728299999999999,2025-09-15,13.2,2,0,-0.0384825506435611,CLOSED,t2_close_exit,95,0.06068913183825453,95,0
2025-09-11,000750,国海证券,5,67.75,1,4.89913908,2025-09-12,2025-09-15,4.823357081399999,2025-09-15,4.74947088,2,0,-0.015318418303492867,CLOSED,t2_close_exit,95,0.06068913183825453,95,0
2025-09-12,603516,淳中科技,1,80.0,4,150.8,2025-09-15,2025-09-16,158.79,2025-09-16,154.0,2,0,-0.03016562755841043,CLOSED,t2_close_exit,68,0.0429059300448289,68,6
2025-09-12,001202,炬申股份,2,76.5,2,18.39,2025-09-15,2025-09-16,18.813599999999997,2025-09-16,18.21,2,0,-0.032083173874218475,CLOSED,t2_close_exit,68,0.0429059300448289,68,0
2025-09-12,002772,众兴菌业,3,76.5,2,10.00739317,2025-09-15,2025-09-16,9.97768837065,2025-09-16,10.20575577,2,0,0.022857739275649675,CLOSED,t2_close_exit,68,0.0429059300448289,68,0
2025-09-12,603083,剑桥科技,4,76.5,2,101.44767867,2025-09-15,2025-09-16,103.47183424499998,2025-09-16,119.8500017,2,0,0.15828623870936606,CLOSED,t2_close_exit,68,0.0429059300448289,68,6
2025-09-12,605289,罗曼股份,5,76.5,2,53.87,2025-09-15,2025-09-16,54.16949999999999,2025-09-16,54.5,2,0,0.00610121932083567,CLOSED,t2_close_exit,68,0.0429059300448289,68,6
2025-09-15,000559,万向钱潮,2,67.75,1,8.65,2025-09-16,2025-09-17,9.155549999999998,2025-09-17,10.47,2,0,0.1435686550780677,CLOSED,t2_close_exit,71,0.024589498013292355,71,0
2025-09-15,000572,海马汽车,3,67.75,1,5.4,2025-09-16,2025-09-17,5.3767499999999995,2025-09-17,5.24,2,0,-0.02543357976472763,CLOSED,t2_close_exit,71,0.024589498013292355,71,0
2025-09-16,002146,荣盛发展,1,80.0,3,2.12,2025-09-17,2025-09-18,2.0904,2025-09-18,1.82,2,0,-0.12935323383084565,CLOSED,t2_close_exit,74,0.03324368628974583,74,0
2025-09-16,600376,首开股份,2,80.0,3,6.67,2025-09-17,2025-09-18,6.894299999999999,2025-09-18,8.07,2,0,0.1705321787563641,CLOSED,t2_close_exit,74,0.03324368628974583,74,0
2025-09-16,000559,万向钱潮,3,76.5,2,9.52,2025-09-17,2025-09-18,10.52235,2025-09-18,11.52,2,0,0.09481247059829793,CLOSED,t2_close_exit,74,0.03324368628974583,74,0
2025-09-16,603655,朗博科技,4,76.5,2,46.38,2025-09-17,2025-09-18,46.82295,2025-09-18,44.15,2,0,-0.057086321985265774,CLOSED,t2_close_exit,74,0.03324368628974583,74,0
2025-09-16,603829,洛凯股份,5,76.33727959125,2,24.93,2025-09-17,2025-09-18,24.81345,2025-09-18,22.55,2,0,-0.09121867374347375,CLOSED,t2_close_exit,74,0.03324368628974583,74,0
2025-09-17,603626,科森科技,2,76.5,2,16.09,2025-09-18,2025-09-19,17.2257,2025-09-19,15.93,2,0,-0.07521900416238528,CLOSED,t2_close_exit,71,0.03413227447248013,71,0
2025-09-17,000045,深纺织Ａ,3,67.75,1,12.44,2025-09-18,2025-09-19,12.502199999999998,2025-09-19,12.23,2,0,-0.02177216809841452,CLOSED,t2_close_exit,71,0.03413227447248013,71,0
2025-09-17,000737,北方铜业,4,67.75,1,15.25,2025-09-18,2025-09-19,14.592599999999997,2025-09-19,13.71,2,0,-0.06048271041486758,CLOSED,t2_close_exit,71,0.03413227447248013,71,0
2025-09-18,600162,香江控股,1,80.0,5,2.88,2025-09-19,2025-09-22,3.1858499999999994,2025-09-22,2.7,2,0,-0.15250247186779017,CLOSED,t2_close_exit,59,0.03075257850069968,59,0
2025-09-18,600170,上海建工,2,80.0,5,3.88,2025-09-19,2025-09-22,,,,0,0,,SKIPPED,t1_open_gap_down,59,0.03075257850069968,59,0
2025-09-18,001389,广合科技,3,67.75,1,84.33,2025-09-19,2025-09-22,87.52544999999999,2025-09-22,85.12,2,0,-0.027482863555685664,CLOSED,t2_close_exit,59,0.03075257850069968,59,8
2025-09-18,002062,宏润建设,4,67.75,1,11.31,2025-09-19,2025-09-22,11.406749999999999,2025-09-22,11.1,2,0,-0.026891971858767766,CLOSED,t2_close_exit,59,0.03075257850069968,59,0
2025-09-19,600706,曲江文旅,1,76.5,2,13.06,2025-09-22,2025-09-23,12.863999999999999,2025-09-23,12.3,2,0,-0.04384328358208942,CLOSED,t2_close_exit,54,0.01021996648078094,54,0
2025-09-19,603686,福龙马,2,76.5,2,23.12,2025-09-22,2025-09-23,25.557149999999996,2025-09-23,27.97,2,0,0.09440997920347154,CLOSED,t2_close_exit,54,0.01021996648078094,54,0
2025-09-19,001221,悍高集团,3,67.75,1,60.90790784,2025-09-22,2025-09-23,62.830661555999995,2025-09-23,63.45236352,2,0,0.009894881712265434,CLOSED,t2_close_exit,54,0.01021996648078094,54,0
2025-09-19,001330,博纳影业,4,67.75,1,6.25,2025-09-22,2025-09-23,6.532499999999999,2025-09-23,5.97,2,0,-0.08610792192881733,CLOSED,t2_close_exit,54,0.01021996648078094,54,0
2025-09-19,002052,同洲电子,5,67.75,1,15.42,2025-09-22,2025-09-23,15.858899999999998,2025-09-23,14.88,2,0,-0.06172559256947189,CLOSED,t2_close_exit,54,0.01021996648078094,54,0
2025-09-22,000509,华塑控股,1,67.75,1,3.48,2025-09-23,2025-09-24,3.4370999999999996,2025-09-24,3.41,2,0,-0.007884553838992017,CLOSED,t2_close_exit,70,0.0015713328968371965,70,0
2025-09-22,000981,山子高科,2,67.75,1,4.26,2025-09-23,2025-09-24,4.492349999999999,2025-09-24,3.82,2,0,-0.1496655425334178,CLOSED,t2_close_exit,70,0.0015713328968371965,70,0
2025-09-22,002006,精工科技,3,67.75,1,22.52,2025-09-23,2025-09-24,22.672799999999995,2025-09-24,22.25,2,0,-0.01864789527539586,CLOSED,t2_close_exit,70,0.0015713328968371965,70,0
2025-09-22,002045,国光电器,4,67.75,1,17.69,2025-09-23,2025-09-24,18.1302,2025-09-24,17.32,2,0,-0.04468786885969257,CLOSED,t2_close_exit,70,0.0015713328968371965,70,0
2025-09-22,002145,钛能化学,5,67.75,1,5.84,2025-09-23,2025-09-24,5.8088999999999995,2025-09-24,5.77,2,0,-0.006696620702714789,CLOSED,t2_close_exit,70,0.0015713328968371965,70,0
2025-09-24,002040,南 京 港,1,76.5,2,11.98,2025-09-25,2025-09-26,,,,0,0,,SKIPPED,t1_open_gap_down,80,0.02694989330067843,80,0
2025-09-24,603090,宏盛股份,2,76.5,2,51.98,2025-09-25,2025-09-26,56.460899999999995,2025-09-26,59.94,2,0,0.061619634118478504,CLOSED,t2_close_exit,80,0.02694989330067843,80,0
2025-09-24,605055,迎丰股份,3,76.5,2,10.51,2025-09-25,2025-09-26,10.250999999999998,2025-09-26,9.99,2,0,-0.02546093064091284,CLOSED,t2_close_exit,80,0.02694989330067843,80,0
2025-09-24,000006,深振业Ａ,4,67.75,1,9.27,2025-09-25,2025-09-26,9.5475,2025-09-26,9.51,2,0,-0.003927729772191637,CLOSED,t2_close_exit,80,0.02694989330067843,80,0
2025-09-24,000009,中国宝安,5,67.75,1,11.32,2025-09-25,2025-09-26,11.617799999999999,2025-09-26,11.69,2,0,0.006214601731825345,CLOSED,t2_close_exit,80,0.02694989330067843,80,0
2025-09-30,002150,正泰电源,1,76.5,2,20.82,2025-10-09,2025-10-10,21.0447,2025-10-10,19.21,2,0,-0.08718109547772114,CLOSED,t2_close_exit,53,0.035696638255853674,53,0
2025-09-30,603026,石大胜华,2,76.5,2,51.8,2025-10-09,2025-10-10,52.41074999999999,2025-10-10,49.13,2,0,-0.06259689090501454,CLOSED,t2_close_exit,53,0.035696638255853674,53,3
2025-09-30,000006,深振业Ａ,3,67.75,1,10.29,2025-10-09,2025-10-10,10.4721,2025-10-10,11.94,2,0,0.14017245824619706,CLOSED,t2_close_exit,53,0.035696638255853674,53,0
2025-09-30,000021,深科技,4,67.75,1,27.87,2025-10-09,2025-10-10,30.813299999999998,2025-10-10,31.72,2,0,0.029425605176985288,CLOSED,t2_close_exit,53,0.035696638255853674,53,3
2025-09-30,000672,上峰水泥,5,67.75,1,11.02,2025-10-09,2025-10-10,11.024849999999999,2025-10-10,11.7,2,0,0.061238928420794876,CLOSED,t2_close_exit,53,0.035696638255853674,53,0
2025-10-09,600711,盛屯矿业,2,76.5,2,11.30492915,2025-10-10,2025-10-13,10.910999680499998,2025-10-13,11.0559219,2,0,0.013282212789264825,CLOSED,t2_close_exit,97,0.06121598318050703,97,5
2025-10-09,000571,新大洲A,3,67.75,1,5.59,2025-10-10,2025-10-13,5.71845,2025-10-13,5.64,2,0,-0.01371875245914542,CLOSED,t2_close_exit,97,0.06121598318050703,97,0
2025-10-09,000630,铜陵有色,4,67.75,1,5.8390471,2025-10-10,2025-10-13,5.878188508949999,2025-10-13,5.73018351,2,0,-0.025178675152157895,CLOSED,t2_close_exit,97,0.06121598318050703,97,5
2025-10-10,002910,庄园牧场,1,76.5,2,11.95,2025-10-13,2025-10-14,13.215749999999998,2025-10-14,10.79,2,0,-0.18354993095359698,CLOSED,t2_close_exit,60,0.06996949647742401,60,0
2025-10-10,600635,大众公用,2,76.5,2,7.11,2025-10-13,2025-10-14,6.884249999999999,2025-10-14,6.91,2,0,0.0037404219777029124,CLOSED,t2_close_exit,60,0.06996949647742401,60,0
2025-10-10,603301,振德医疗,3,76.5,2,56.46,2025-10-13,2025-10-14,,,,0,0,,SKIPPED,t1_open_gap_down,60,0.06996949647742401,60,0
2025-10-10,000006,深振业Ａ,4,67.75,1,11.94,2025-10-13,2025-10-14,12.260999999999997,2025-10-14,13.79,2,0,0.12470434711687481,CLOSED,t2_close_exit,60,0.06996949647742401,60,0
2025-10-10,000058,深 赛 格,5,67.75,1,10.82,2025-10-13,2025-10-14,10.642949999999999,2025-10-14,11.05,2,0,0.038245975035117306,CLOSED,t2_close_exit,60,0.06996949647742401,60,0
2025-10-13,600078,澄星股份,1,80.0,3,9.02,2025-10-14,2025-10-15,,,,0,0,,SKIPPED,t1_one_word_limit_up,68,0.037829091510829915,68,0
2025-10-13,000006,深振业Ａ,2,76.5,2,13.13,2025-10-14,2025-10-15,14.502149999999999,2025-10-15,12.41,2,0,-0.14426481590660686,CLOSED,t2_close_exit,68,0.037829091510829915,68,0
2025-10-13,000045,深纺织Ａ,4,67.75,1,14.85,2025-10-14,2025-10-15,16.140299999999996,2025-10-15,14.63,2,0,-0.0935732297417022,CLOSED,t2_close_exit,68,0.037829091510829915,68,0
2025-10-15,600617,国新能源,1,76.5,2,3.7,2025-10-16,2025-10-17,3.9998999999999993,2025-10-17,4.0,2,0,2.500062501578918e-05,CLOSED,t2_close_exit,70,0.03562413541713361,70,0
2025-10-15,000572,海马汽车,3,67.75,1,6.49,2025-10-16,2025-10-17,6.713399999999999,2025-10-17,6.83,2,0,0.017368248577472063,CLOSED,t2_close_exit,70,0.03562413541713361,70,0
2025-10-15,000957,中通客车,4,67.75,1,12.6548386,2025-10-16,2025-10-17,12.988285133999998,2025-10-17,12.1868784,2,0,-0.06170227445208463,CLOSED,t2_close_exit,70,0.03562413541713361,70,0
2025-10-15,001379,腾达科技,5,67.75,1,22.92294768,2025-10-16,2025-10-17,22.667280138,2025-10-17,21.58859712,2,0,-0.04758766872041557,CLOSED,t2_close_exit,70,0.03562413541713361,70,0
2025-10-27,000599,青岛双星,1,76.5,2,6.96,2025-10-28,2025-10-29,7.637999999999999,2025-10-29,7.0,2,0,-0.0835297198219428,CLOSED,t2_close_exit,55,0.007689237259230541,55,0
2025-10-27,000543,皖能电力,2,67.75,1,8.65,2025-10-28,2025-10-29,8.7837,2025-10-29,8.67,2,0,-0.012944431162266436,CLOSED,t2_close_exit,55,0.007689237259230541,55,0
2025-10-27,000679,大连友谊,3,67.75,1,9.4,2025-10-28,2025-10-29,9.326399999999998,2025-10-29,9.68,2,0,0.03791387888145501,CLOSED,t2_close_exit,55,0.007689237259230541,55,0
2025-10-27,000753,漳州发展,4,67.75,1,8.07,2025-10-28,2025-10-29,8.29125,2025-10-29,8.38,2,0,0.010704055480175003,CLOSED,t2_close_exit,55,0.007689237259230541,55,0
2025-10-29,600408,安泰集团,2,76.5,2,3.55,2025-10-30,2025-10-31,3.4571999999999994,2025-10-31,3.11,2,0,-0.10042809209765115,CLOSED,t2_close_exit,76,0.0217395383331338,76,0
2025-10-29,603256,宏和科技,3,76.5,2,42.33,2025-10-30,2025-10-31,41.205,2025-10-31,35.4,2,0,-0.14088096104841646,CLOSED,t2_close_exit,76,0.0217395383331338,76,3
2025-10-29,603556,海兴电力,4,76.5,2,35.11,2025-10-30,2025-10-31,35.07449999999999,2025-10-31,33.77,2,0,-0.03719226218477784,CLOSED,t2_close_exit,76,0.0217395383331338,76,0
2025-10-29,000155,川能动力,5,67.75,1,12.2,2025-10-30,2025-10-31,12.582599999999998,2025-10-31,12.29,2,0,-0.023254335351993904,CLOSED,t2_close_exit,76,0.0217395383331338,76,0
2025-10-31,002374,中锐股份,1,76.5,2,3.34,2025-11-03,2025-11-04,3.42705,2025-11-04,3.34,2,0,-0.02540085496272306,CLOSED,t2_close_exit,61,2.1714479374823625e-05,61,0
2025-10-31,002679,福建金森,2,76.5,2,14.0,2025-11-03,2025-11-04,14.170499999999999,2025-11-04,15.14,2,0,0.06841678134151949,CLOSED,t2_close_exit,61,2.1714479374823625e-05,61,0
2025-10-31,000559,万向钱潮,3,67.75,1,12.55,2025-11-03,2025-11-04,13.858949999999998,2025-11-04,12.97,2,0,-0.06414266593068002,CLOSED,t2_close_exit,61,2.1714479374823625e-05,61,0
2025-10-31,000572,海马汽车,4,67.75,1,6.6,2025-11-03,2025-11-04,6.924449999999999,2025-11-04,7.99,2,0,0.15388225779664824,CLOSED,t2_close_exit,61,2.1714479374823625e-05,61,0
2025-11-03,000572,海马汽车,1,76.5,2,7.26,2025-11-04,2025-11-05,7.989749999999999,2025-11-05,8.79,2,0,0.10015957946118467,CLOSED,t2_close_exit,67,0.01899659470132775,67,0
2025-11-03,605155,西大门,2,76.04778640562324,2,18.7,2025-11-04,2025-11-05,18.803549999999998,2025-11-05,17.38,2,0,-0.07570644904818499,CLOSED,t2_close_exit,67,0.01899659470132775,67,0
2025-11-03,000620,盈新发展,3,67.75,1,2.73,2025-11-04,2025-11-05,2.96475,2025-11-05,3.3,2,0,0.11307867442448767,CLOSED,t2_close_exit,67,0.01899659470132775,67,3
2025-11-03,000735,罗 牛 山,4,67.75,1,8.06,2025-11-04,2025-11-05,8.100299999999999,2025-11-05,8.65,2,0,0.06786168413515567,CLOSED,t2_close_exit,67,0.01899659470132775,67,0
2025-11-03,000901,航天科技,5,67.75,1,20.98,2025-11-04,2025-11-05,21.004499999999997,2025-11-05,20.71,2,0,-0.014020805065580986,CLOSED,t2_close_exit,67,0.01899659470132775,67,0
2025-11-07,001209,洪兴股份,1,80.0,3,26.36,2025-11-10,2025-11-11,27.768149999999995,2025-11-11,26.11,2,0,-0.05971409690598747,CLOSED,t2_close_exit,57,0.00106957692113685,57,0
2025-11-07,000514,渝 开 发,2,76.5,2,6.39,2025-11-10,2025-11-11,6.361649999999999,2025-11-11,6.21,2,0,-0.023838155195585926,CLOSED,t2_close_exit,57,0.00106957692113685,57,0
2025-11-07,002518,科士达,3,76.5,2,53.6,2025-11-10,2025-11-11,54.67199999999999,2025-11-11,49.15,2,0,-0.10100234123500132,CLOSED,t2_close_exit,57,0.00106957692113685,57,0
2025-11-07,600078,澄星股份,4,76.5,2,11.94,2025-11-10,2025-11-11,13.195649999999999,2025-11-11,13.4,2,0,0.015486164001015608,CLOSED,t2_close_exit,57,0.00106957692113685,57,0
2025-11-07,000545,金浦钛业,5,67.75,1,3.21,2025-11-10,2025-11-11,3.2361,2025-11-11,3.25,2,0,0.004295293717746678,CLOSED,t2_close_exit,57,0.00106957692113685,57,0
2025-11-10,002451,摩恩电气,1,80.0,5,11.41,2025-11-11,2025-11-12,12.381599999999999,2025-11-12,13.81,2,0,0.11536473476771998,CLOSED,t2_close_exit,73,0.005783426181991791,73,0
2025-11-10,001209,洪兴股份,2,80.0,4,29.0,2025-11-11,2025-11-12,30.813299999999998,2025-11-12,23.5,2,0,-0.23734231646723974,CLOSED,t2_close_exit,73,0.005783426181991791,73,0
2025-11-10,000037,深南电A,3,67.75,1,9.98,2025-11-11,2025-11-12,10.452,2025-11-12,9.89,2,0,-0.05376961347110595,CLOSED,t2_close_exit,73,0.005783426181991791,73,0
2025-11-10,000069,华侨城Ａ,4,67.75,1,2.66,2025-11-11,2025-11-12,2.7235499999999995,2025-11-12,2.81,2,0,0.031741660700189314,CLOSED,t2_close_exit,73,0.005783426181991791,73,0
2025-11-10,000620,盈新发展,5,67.75,1,3.48,2025-11-11,2025-11-12,3.618,2025-11-12,3.18,2,0,-0.12106135986732994,CLOSED,t2_close_exit,73,0.005783426181991791,73,5
2025-11-11,000069,华侨城Ａ,1,76.5,2,2.93,2025-11-12,2025-11-13,2.92455,2025-11-13,2.82,2,0,-0.035749089603528794,CLOSED,t2_close_exit,71,0.02273640906901142,71,0
2025-11-11,000008,神州高铁,3,67.75,1,3.3,2025-11-12,2025-11-13,3.3767999999999994,2025-11-13,3.34,2,0,-0.010897891494906274,CLOSED,t2_close_exit,71,0.02273640906901142,71,0
2025-11-11,000061,农 产 品,4,67.75,1,9.25,2025-11-12,2025-11-13,9.477149999999998,2025-11-13,10.2,2,0,0.07627293015305248,CLOSED,t2_close_exit,71,0.02273640906901142,71,0
2025-11-11,002053,云南能投,5,67.75,1,13.54,2025-11-12,2025-11-13,13.748399999999998,2025-11-13,13.72,2,0,-0.0020656949172265693,CLOSED,t2_close_exit,71,0.02273640906901142,71,0
2025-11-12,002374,中锐股份,1,80.0,3,4.21,2025-11-13,2025-11-14,4.361699999999999,2025-11-14,3.86,2,0,-0.1150239585482723,CLOSED,t2_close_exit,59,0.0003912634401599391,59,0
2025-11-12,000061,农 产 品,2,76.5,2,10.18,2025-11-13,2025-11-14,10.240949999999998,2025-11-14,10.24,2,0,-9.276483138749687e-05,CLOSED,t2_close_exit,59,0.0003912634401599391,59,0
2025-11-12,000619,海螺新材,3,76.5,2,7.87,2025-11-13,2025-11-14,7.5375,2025-11-14,7.22,2,0,-0.04212271973466002,CLOSED,t2_close_exit,59,0.0003912634401599391,59,0
2025-11-12,000803,山高环能,4,67.75,1,8.72,2025-11-13,2025-11-14,8.844,2025-11-14,7.94,2,0,-0.10221619176843047,CLOSED,t2_close_exit,59,0.0003912634401599391,59,0
2025-11-12,000833,粤桂股份,5,67.75,1,20.65,2025-11-13,2025-11-14,21.406499999999998,2025-11-14,24.22,2,0,0.1314320416695864,CLOSED,t2_close_exit,59,0.0003912634401599391,59,0
2025-11-13,002451,摩恩电气,1,80.0,8,15.19,2025-11-14,2025-11-17,,,,0,0,,SKIPPED,t1_open_gap_down,94,0.025498801784097358,94,0
2025-11-13,603122,合富中国,2,80.0,3,22.1,2025-11-14,2025-11-17,21.728099999999998,2025-11-17,23.8,2,0,0.0953557835245605,CLOSED,t2_close_exit,94,0.025498801784097358,94,0
2025-11-13,001277,速达股份,3,76.5,2,48.84,2025-11-14,2025-11-17,,,,0,0,,SKIPPED,t1_open_gap_down,94,0.025498801784097358,94,0
2025-11-13,603026,石大胜华,4,76.5,2,91.38,2025-11-14,2025-11-17,99.18345,2025-11-17,106.79,2,0,0.07669172629102954,CLOSED,t2_close_exit,94,0.025498801784097358,94,8
2025-11-13,000572,海马汽车,5,67.75,1,10.04,2025-11-14,2025-11-17,10.552499999999998,2025-11-17,10.94,2,0,0.036721156124141306,CLOSED,t2_close_exit,94,0.025498801784097358,94,0
2025-11-14,001203,大中矿业,3,76.5,2,28.08,2025-11-17,2025-11-18,30.381149999999998,2025-11-18,30.82,2,0,0.014444811996912632,CLOSED,t2_close_exit,72,0.04415558714395895,72,0
2025-11-14,000039,中集集团,4,67.75,1,8.94,2025-11-17,2025-11-18,9.35655,2025-11-18,8.6,2,0,-0.08085779480684661,CLOSED,t2_close_exit,72,0.04415558714395895,72,0
2025-11-14,000536,华映科技,5,67.75,1,5.31,2025-11-17,2025-11-18,5.3767499999999995,2025-11-18,5.37,2,0,-0.0012554052169060062,CLOSED,t2_close_exit,72,0.04415558714395895,72,0
2025-11-17,001216,华瓷股份,1,76.5,2,18.74,2025-11-18,2025-11-19,18.88395,2025-11-19,22.67,2,0,0.20049036350975316,CLOSED,t2_close_exit,90,0.03921587858301723,90,0
2025-11-17,000036,华联控股,2,67.75,1,5.28,2025-11-18,2025-11-19,5.4672,2025-11-19,4.59,2,0,-0.1604477611940299,CLOSED,t2_close_exit,90,0.03921587858301723,90,0
2025-11-17,000546,金圆股份,3,67.75,1,6.28,2025-11-18,2025-11-19,6.94455,2025-11-19,7.6,2,0,0.09438336537284635,CLOSED,t2_close_exit,90,0.03921587858301723,90,0
2025-11-17,000663,永安林业,4,67.75,1,9.0,2025-11-18,2025-11-19,9.557549999999999,2025-11-19,8.91,2,0,-0.06775271905456932,CLOSED,t2_close_exit,90,0.03921587858301723,90,0
2025-11-17,000665,湖北广电,5,67.75,1,7.21,2025-11-18,2025-11-19,7.175699999999999,2025-11-19,6.22,2,0,-0.13318561255347902,CLOSED,t2_close_exit,90,0.03921587858301723,90,0
2025-11-19,001216,华瓷股份,1,80.0,4,22.67,2025-11-20,2025-11-21,22.260749999999994,2025-11-21,22.44,2,0,0.008052289343351272,CLOSED,t2_close_exit,56,0.010256543507366489,56,0
2025-11-19,000017,深中华A,3,67.75,1,7.63,2025-11-20,2025-11-21,7.879199999999999,2025-11-21,9.23,2,0,0.17143872474362898,CLOSED,t2_close_exit,56,0.010256543507366489,56,0
2025-11-19,000973,佛塑科技,5,67.75,1,13.87,2025-11-20,2025-11-21,13.939349999999997,2025-11-21,12.92,2,0,-0.07312751311933467,CLOSED,t2_close_exit,56,0.010256543507366489,56,0
2025-12-19,002188,中天服务,2,80.0,3,7.47,2025-12-22,2025-12-23,8.261099999999999,2025-12-23,6.54,2,0,-0.20833787268039355,CLOSED,t2_close_exit,73,0.03708460867696317,73,0
2025-12-19,002910,庄园牧场,3,80.0,3,13.65,2025-12-22,2025-12-23,13.758449999999998,2025-12-23,13.55,2,0,-0.015150689212810846,CLOSED,t2_close_exit,73,0.03708460867696317,73,0
2025-12-19,000863,三湘印象,4,76.5,2,5.67,2025-12-22,2025-12-23,5.6883,2025-12-23,5.36,2,0,-0.05771495877502938,CLOSED,t2_close_exit,73,0.03708460867696317,73,0
2025-12-19,002149,西部材料,5,76.5,2,37.72,2025-12-22,2025-12-23,40.210049999999995,2025-12-23,38.72,2,0,-0.03705665623395138,CLOSED,t2_close_exit,73,0.03708460867696317,73,0
2025-12-22,002910,庄园牧场,1,80.0,4,15.02,2025-12-23,2025-12-24,16.0599,2025-12-24,12.2,2,0,-0.2403439622911724,CLOSED,t2_close_exit,85,0.0352048073272504,85,0
2025-12-22,000566,海南海药,2,76.5,2,7.96,2025-12-23,2025-12-24,8.552549999999998,2025-12-24,8.28,2,0,-0.03186768858410638,CLOSED,t2_close_exit,85,0.0352048073272504,85,0
2025-12-22,001336,楚环科技,3,76.5,2,28.95,2025-12-23,2025-12-24,28.803299999999997,2025-12-24,28.67,2,0,-0.004627941937208406,CLOSED,t2_close_exit,85,0.0352048073272504,85,0
2025-12-22,002046,国机精工,4,76.5,2,43.59,2025-12-23,2025-12-24,43.37579999999999,2025-12-24,44.91,2,0,0.035369952830841295,CLOSED,t2_close_exit,85,0.0352048073272504,85,3
2025-12-22,002163,海南发展,5,76.5,2,15.99,2025-12-23,2025-12-24,,,,0,0,,SKIPPED,t1_one_word_limit_up,85,0.0352048073272504,85,0
2025-12-23,000551,创元科技,1,76.5,2,13.78,2025-12-24,2025-12-25,,,,0,0,,SKIPPED,t1_one_word_limit_up,54,0.019651591935775592,54,0
2025-12-23,601208,东材科技,2,76.5,2,26.53338636,2025-12-24,2025-12-25,28.037908079999998,2025-12-25,29.35311912,2,0,0.04690831556503203,CLOSED,t2_close_exit,54,0.019651591935775592,54,4
2025-12-23,603929,亚翔集成,3,76.5,2,108.31,2025-12-24,2025-12-25,111.12284999999999,2025-12-25,106.0,2,0,-0.0461007794526507,CLOSED,t2_close_exit,54,0.019651591935775592,54,4
2025-12-23,000859,国风新材,4,67.75,1,10.56,2025-12-24,2025-12-25,10.854,2025-12-25,11.56,2,0,0.06504514464713482,CLOSED,t2_close_exit,54,0.019651591935775592,54,4
2025-12-23,002098,浔兴股份,5,67.75,1,10.7,2025-12-24,2025-12-25,10.743449999999998,2025-12-25,10.77,2,0,0.002471273194365132,CLOSED,t2_close_exit,54,0.019651591935775592,54,0
2025-12-24,002361,神剑股份,1,80.0,5,10.88,2025-12-25,2025-12-26,12.02985,2025-12-26,13.17,2,0,0.09477674285215529,CLOSED,t2_close_exit,77,0.035584440202310885,77,0
2025-12-24,600179,安通控股,2,80.0,3,5.41,2025-12-25,2025-12-26,5.9295,2025-12-26,6.55,2,0,0.10464626022430219,CLOSED,t2_close_exit,77,0.035584440202310885,77,0
2025-12-24,603698,航天工程,4,76.5,2,34.02,2025-12-25,2025-12-26,35.898599999999995,2025-12-26,39.39,2,0,0.09725727465695058,CLOSED,t2_close_exit,77,0.035584440202310885,77,0
2025-12-24,000802,北京文化,5,67.75,1,5.23,2025-12-25,2025-12-26,5.15565,2025-12-26,4.92,2,0,-0.04570713683046749,CLOSED,t2_close_exit,77,0.035584440202310885,77,0
2025-12-25,000551,创元科技,1,80.0,4,16.68,2025-12-26,2025-12-29,17.748299999999997,2025-12-29,15.27,2,0,-0.1396359087912644,CLOSED,t2_close_exit,82,0.04435784229565898,82,0
2025-12-25,600118,中国卫星,3,76.5,2,72.73,2025-12-26,2025-12-29,74.36999999999999,2025-12-29,88.0,2,0,0.18327282506387,CLOSED,t2_close_exit,82,0.04435784229565898,82,0
2025-12-25,605598,上海港湾,4,76.5,2,61.9,2025-12-26,2025-12-29,63.516,2025-12-29,70.65,2,0,0.11231815605516732,CLOSED,t2_close_exit,82,0.04435784229565898,82,0
2025-12-25,000559,万向钱潮,5,67.75,1,13.44,2025-12-26,2025-12-29,13.567499999999999,2025-12-29,14.26,2,0,0.051041090842085926,CLOSED,t2_close_exit,82,0.04435784229565898,82,0
2025-12-26,605598,上海港湾,1,80.0,3,68.09,2025-12-29,2025-12-30,65.9682,2025-12-30,67.93,2,0,0.029738571008455755,CLOSED,t2_close_exit,83,0.036993759382401015,83,0
2025-12-26,000505,京粮控股,2,67.75,1,8.92,2025-12-29,2025-12-30,9.245999999999999,2025-12-30,8.66,2,0,-0.06337875838200288,CLOSED,t2_close_exit,83,0.036993759382401015,83,0
2025-12-26,000523,红棉股份,3,67.75,1,4.05,2025-12-29,2025-12-30,4.190849999999999,2025-12-30,3.84,2,0,-0.08371810014674816,CLOSED,t2_close_exit,83,0.036993759382401015,83,0
2025-12-26,000863,三湘印象,5,67.75,1,5.63,2025-12-29,2025-12-30,5.85915,2025-12-30,6.22,2,0,0.06158743162404105,CLOSED,t2_close_exit,83,0.036993759382401015,83,0
2025-12-29,001331,胜通能源,1,80.0,12,46.31,2025-12-30,2025-12-31,46.54155,2025-12-31,46.31,2,0,-0.004975124378109422,CLOSED,t2_close_exit,77,0.028087987013382776,77,0
2025-12-29,002571,德力股份,3,76.5,2,11.62,2025-12-30,2025-12-31,11.326349999999998,2025-12-31,11.76,2,0,0.03828682673588596,CLOSED,t2_close_exit,77,0.028087987013382776,77,0
2025-12-29,000420,吉林化纤,5,67.75,1,4.65,2025-12-30,2025-12-31,4.783799999999999,2025-12-31,4.53,2,0,-0.0530540574438729,CLOSED,t2_close_exit,77,0.028087987013382776,77,0
