signal_date,stock_code,stock_name,rank,rule_score,buy_price,sell_date,sell_price,hold_days,pnl_ratio,status,stop_loss_triggered,exit_reason,market_score
2025-06-27,001318,阳光乳业,1,79.44545142901968,13.51,2025-06-30,13.1047,1,-0.030000000000000034,CLOSED,1,t1_intraday_stop_loss,60
2025-06-27,002180,奔图科技,2,79.1359896638273,22.89,2025-06-30,22.94,1,0.002184359982525151,CLOSED,0,t1_close_exit,60
2025-06-27,002444,巨星科技,3,78.64834734037149,25.26696172,2025-06-30,25.29671089,1,0.001177394034536843,CLOSED,0,t1_close_exit,60
2025-06-27,001382,新亚电缆,4,78.45863449652654,21.23,2025-06-30,21.18,1,-0.002355157795572337,CLOSED,0,t1_close_exit,60
2025-06-27,002044,美年健康,5,72.74099274709228,5.2296248,2025-06-30,5.1298228,1,-0.019083969465648762,CLOSED,0,t1_close_exit,60
2025-06-30,002991,甘源食品,1,84.05208789581205,61.86347877,2025-07-01,62.04173115,1,0.0028813830638706,CLOSED,0,t1_close_exit,60
2025-06-30,002757,南兴股份,2,81.41825452009475,18.80634816,2025-07-01,18.242157715199998,1,-0.03000000000000007,CLOSED,1,t1_intraday_stop_loss,60
2025-06-30,600702,舍得酒业,3,81.077006681055,51.4,2025-07-01,50.42,1,-0.019066147859922118,CLOSED,0,t1_close_exit,60
2025-06-30,000799,酒鬼酒,4,80.87317784256557,43.45103452,2025-07-01,42.1475034844,1,-0.030000000000000058,CLOSED,1,t1_intraday_stop_loss,60
2025-06-30,603268,松发股份,5,79.52188625957207,39.41,2025-07-01,40.02,1,0.015478304998731453,CLOSED,0,t1_close_exit,60
2025-07-01,001206,依依股份,1,80.50019434989375,21.5061504,2025-07-02,21.4079488,1,-0.004566210045662075,CLOSED,0,t1_close_exit,60
2025-07-01,600389,江山股份,2,79.91807874916185,19.40910192,2025-07-02,19.63501758,1,0.011639676113360236,CLOSED,0,t1_close_exit,60
2025-07-01,600363,联创光电,3,79.4412926969034,60.07,2025-07-02,58.36,1,-0.028466788746462475,CLOSED,0,t1_close_exit,60
2025-07-01,001328,登康口腔,4,77.65730613571071,50.73,2025-07-02,49.208099999999995,1,-0.030000000000000047,CLOSED,1,t1_intraday_stop_loss,60
2025-07-01,603129,春风动力,5,76.64790099699744,223.49,2025-07-02,220.48,1,-0.013468164123674523,CLOSED,0,t1_close_exit,60
2025-07-02,000799,酒鬼酒,1,80.39379518731057,44.695597,2025-07-03,44.9919214,1,0.006629834254143717,CLOSED,0,t1_close_exit,60
2025-07-02,600761,安徽合力,2,76.92274318786032,18.49460632,2025-07-03,18.10639876,1,-0.02099031216361668,CLOSED,0,t1_close_exit,60
2025-07-02,600285,羚锐制药,3,76.6708433125001,23.14,2025-07-03,24.13,1,0.04278305963699215,CLOSED,0,t1_close_exit,60
2025-07-02,603260,合盛硅业,4,76.35970384265212,48.63243735,2025-07-03,47.1734642295,1,-0.029999999999999957,CLOSED,1,t1_intraday_stop_loss,60
2025-07-02,603124,江南新材,5,76.26195955619137,54.9,2025-07-03,54.01,1,-0.0162112932604736,CLOSED,0,t1_close_exit,60
2025-07-03,689009,九号公司,1,77.66470202418375,61.21863495,2025-07-04,60.1759818,1,-0.017031630170316295,CLOSED,0,t1_close_exit,60
2025-07-03,600285,羚锐制药,2,77.51002417396037,24.13,2025-07-04,23.4061,1,-0.03000000000000002,CLOSED,1,t1_intraday_stop_loss,60
2025-07-03,603819,神力股份,3,77.2937070192222,14.07,2025-07-04,13.6479,1,-0.030000000000000027,CLOSED,1,t1_intraday_stop_loss,60
2025-07-03,603567,珍宝岛,4,75.9129190631611,12.27023964,2025-07-04,11.9021324508,1,-0.02999999999999999,CLOSED,1,t1_intraday_stop_loss,60
2025-07-03,605100,华丰股份,5,73.13095217423465,20.59943262,2025-07-04,19.9814496414,1,-0.030000000000000027,CLOSED,1,t1_intraday_stop_loss,60
2025-07-04,603677,奇精机械,1,78.82625832945223,20.2217472,2025-07-07,19.615094784,1,-0.029999999999999968,CLOSED,1,t1_intraday_stop_loss,60
2025-07-04,601965,中国汽研,2,78.5663884605423,18.40745625,2025-07-07,19.37936994,1,0.052800000000000055,CLOSED,0,t1_close_exit,60
2025-07-04,002851,麦格米特,3,76.65380115932174,49.8502497,2025-07-07,50.35974123,1,0.010220440881763493,CLOSED,0,t1_close_exit,60
2025-07-04,002734,利民股份,4,75.04555312841343,19.59,2025-07-07,21.27,1,0.08575803981623276,CLOSED,0,t1_close_exit,60
2025-07-04,002098,浔兴股份,5,74.82334397695658,9.05,2025-07-07,9.96,1,0.1005524861878453,CLOSED,0,t1_close_exit,60
2025-07-07,001219,青岛食品,1,76.13558574574711,14.1523305,2025-07-08,14.08281028,1,-0.00491228070175434,CLOSED,0,t1_close_exit,60
2025-07-07,603556,海兴电力,2,74.87874501575703,25.94,2025-07-08,25.86,1,-0.0030840400925212738,CLOSED,0,t1_close_exit,60
2025-07-07,000958,电投产融,3,74.54245567309428,6.90508962,2025-07-08,6.95427117,1,0.007122507122507141,CLOSED,0,t1_close_exit,60
2025-07-07,001979,招商蛇口,4,73.9165433957552,8.7678528,2025-07-08,8.77763835,1,0.0011160714285714448,CLOSED,0,t1_close_exit,60
2025-07-07,600455,博通股份,5,73.75561664279873,28.35,2025-07-08,28.29,1,-0.0021164021164021963,CLOSED,0,t1_close_exit,60
2025-07-08,605117,德业股份,1,81.16129687189316,54.1722135,2025-07-09,53.82710475,1,-0.0063705860939206665,CLOSED,0,t1_close_exit,60
2025-07-08,002683,广东宏大,2,80.87857725630502,35.30703519,2025-07-09,36.66386361,1,0.038429406850459466,CLOSED,0,t1_close_exit,60
2025-07-08,603260,合盛硅业,3,78.24408115077786,49.89162584,2025-07-09,48.3948770648,1,-0.030000000000000075,CLOSED,1,t1_intraday_stop_loss,60
2025-07-08,603271,永杰新材,4,78.19469303330885,37.4537196,2025-07-09,36.786681,1,-0.01780967570441249,CLOSED,0,t1_close_exit,60
2025-07-08,603985,恒润股份,5,76.56013406984766,16.0,2025-07-09,15.8,1,-0.012499999999999956,CLOSED,0,t1_close_exit,60
2025-07-09,605333,沪光股份,1,83.59190280721972,28.88,2025-07-10,28.74,1,-0.0048476454293629005,CLOSED,1,t1_open_below_stop_limit,60
2025-07-09,603220,中贝通信,2,80.36579009900699,22.48,2025-07-10,22.31,1,-0.00756227758007125,CLOSED,0,t1_close_exit,60
2025-07-09,002990,盛视科技,3,79.3801002327998,30.45,2025-07-10,30.98,1,0.01740558292282434,CLOSED,0,t1_close_exit,60
2025-07-09,603486,科沃斯,4,78.86271351610533,58.2,2025-07-10,56.454,1,-0.030000000000000037,CLOSED,1,t1_intraday_stop_loss,60
2025-07-09,002423,中粮资本,5,75.94928614742814,12.922059,2025-07-10,13.09000625,1,0.012996941896024404,CLOSED,0,t1_close_exit,60
2025-07-10,603516,淳中科技,1,83.54393741726511,37.76,2025-07-11,36.99,1,-0.02039194915254227,CLOSED,0,t1_close_exit,60
2025-07-10,600309,万华化学,2,81.04831818224105,56.41,2025-07-11,55.72,1,-0.01223187378124442,CLOSED,0,t1_close_exit,60
2025-07-10,600938,中国海油,3,79.29869889744647,25.8179803,2025-07-11,25.2429429,1,-0.02227274919719415,CLOSED,0,t1_close_exit,60
2025-07-10,002553,南方精工,4,77.69900408828033,22.37,2025-07-11,22.41,1,0.0017881090746535158,CLOSED,0,t1_close_exit,60
2025-07-10,002180,奔图科技,5,77.62498719410034,25.0,2025-07-11,24.78,1,-0.008799999999999954,CLOSED,0,t1_close_exit,60
2025-07-11,603267,鸿远电子,1,83.16465940336818,52.54058163,2025-07-14,50.964364181099995,1,-0.03000000000000006,CLOSED,1,t1_intraday_stop_loss,60
2025-07-11,605198,安德利,2,80.95783660889668,41.83674552,2025-07-14,43.35862428,1,0.036376604850213975,CLOSED,0,t1_close_exit,60
2025-07-11,600602,云赛智联,3,79.47418329124453,21.24299408,2025-07-14,21.64229848,1,0.018796992481203097,CLOSED,0,t1_close_exit,60
2025-07-11,600549,厦门钨业,4,79.29057392914055,21.78291232,2025-07-14,21.6636628,1,-0.0054744525547445405,CLOSED,0,t1_close_exit,60
2025-07-11,002396,星网锐捷,5,78.74727480077672,24.06,2025-07-14,24.52,1,0.019118869492934367,CLOSED,0,t1_close_exit,60
2025-07-14,603325,博隆技术,1,85.0,85.2219798,2025-07-15,86.33856836,1,0.013102119460500924,CLOSED,0,t1_close_exit,60
2025-07-14,603667,五洲新春,2,83.95454545454542,34.93,2025-07-15,34.58,1,-0.010020040080160362,CLOSED,0,t1_close_exit,60
2025-07-14,600605,汇通能源,3,82.05990013860875,38.37228236,2025-07-15,37.73307724,1,-0.016657990629880264,CLOSED,0,t1_close_exit,60
2025-07-14,603662,柯力传感,4,77.63581564478385,63.8272545,2025-07-15,63.75755235,1,-0.001092043681747345,CLOSED,0,t1_close_exit,60
2025-07-14,002779,中坚科技,5,77.45945377090113,75.99,2025-07-15,78.1,1,0.027766811422555594,CLOSED,0,t1_close_exit,60
2025-07-15,002929,润建股份,1,85.0,47.87,2025-07-16,47.7,1,-0.0035512847294755507,CLOSED,0,t1_close_exit,60
2025-07-15,603380,易德龙,2,85.0,30.5,2025-07-16,29.585,1,-0.02999999999999997,CLOSED,1,t1_intraday_stop_loss,60
2025-07-15,002432,九安医疗,3,83.17072181670723,39.25,2025-07-16,38.6,1,-0.016560509554140092,CLOSED,0,t1_close_exit,60
2025-07-15,603102,百合股份,4,82.27192982456141,44.72608643,2025-07-16,44.72608643,1,0.0,CLOSED,0,t1_close_exit,60
2025-07-15,002335,科华数据,5,80.6407996026819,43.07,2025-07-16,43.36,1,0.006733224982586467,CLOSED,0,t1_close_exit,60
2025-07-16,603109,神驰机电,1,85.0,29.19,2025-07-17,29.66,1,0.016101404590613183,CLOSED,0,t1_close_exit,60
2025-07-16,605488,福莱新材,2,81.99060681561338,32.56,2025-07-17,31.5832,1,-0.030000000000000023,CLOSED,1,t1_intraday_stop_loss,60
2025-07-16,603373,安邦护卫,3,81.03098403018039,46.21164366,2025-07-17,46.90865186,1,0.015082956259426827,CLOSED,0,t1_close_exit,60
2025-07-16,600993,马应龙,4,79.69503303543881,27.8964648,2025-07-17,27.7692624,1,-0.004559803577692095,CLOSED,0,t1_close_exit,60
2025-07-16,603666,亿嘉和,5,78.07744751667703,34.2,2025-07-17,34.09,1,-0.003216374269005831,CLOSED,0,t1_close_exit,60
2025-07-17,600850,电科数字,1,81.15662395079033,26.6423547,2025-07-18,26.70222516,1,0.0022471910112360537,CLOSED,0,t1_close_exit,60
2025-07-17,600316,洪都航空,2,80.41274540835647,36.87,2025-07-18,39.92,1,0.08272308109574192,CLOSED,0,t1_close_exit,60
2025-07-17,000768,中航西飞,3,79.25227573221404,28.71,2025-07-18,29.34,1,0.021943573667711564,CLOSED,0,t1_close_exit,60
2025-07-17,002819,东方中科,4,78.47517680571866,29.76,2025-07-18,29.55,1,-0.007056451612903254,CLOSED,0,t1_close_exit,60
2025-07-17,600862,中航高科,5,78.44638801378768,26.71,2025-07-18,26.74,1,0.0011231748408834737,CLOSED,0,t1_close_exit,60
2025-07-18,600809,山西汾酒,1,84.4311254635605,181.1,2025-07-21,180.29,1,-0.0044726670347874226,CLOSED,0,t1_close_exit,60
2025-07-18,001389,广合科技,2,81.37400341078248,68.57,2025-07-21,66.51289999999999,1,-0.030000000000000082,CLOSED,1,t1_intraday_stop_loss,60
2025-07-18,603663,三祥新材,3,80.57300090383112,26.01,2025-07-21,26.34,1,0.01268742791234134,CLOSED,0,t1_close_exit,60
2025-07-18,603192,汇得科技,4,79.64069541044185,22.09,2025-07-21,21.82,1,-0.012222725215029406,CLOSED,0,t1_close_exit,60
2025-07-18,605086,龙高股份,5,77.68052026705605,27.804024,2025-07-21,27.3456064,1,-0.016487455197132513,CLOSED,0,t1_close_exit,60
2025-07-21,603026,石大胜华,1,84.97492463688684,38.5,2025-07-22,38.48,1,-0.0005194805194806007,CLOSED,0,t1_close_exit,60
2025-07-21,000762,西藏矿业,2,81.45143909516125,22.02,2025-07-22,23.3,1,0.058128973660308864,CLOSED,0,t1_close_exit,60
2025-07-21,001226,拓山重工,3,80.52472709252208,30.94,2025-07-22,32.3,1,0.04395604395604382,CLOSED,0,t1_close_exit,60
2025-07-21,600406,国电南瑞,4,80.10779603696855,22.77840977,2025-07-22,23.48371596,1,0.030963802878325414,CLOSED,0,t1_close_exit,60
2025-07-21,603893,瑞芯微,5,78.55790397976416,161.0346586,2025-07-22,157.5047232,1,-0.021920345785736334,CLOSED,0,t1_close_exit,60
2025-07-22,000400,许继电气,1,85.0,24.58996011,2025-07-23,23.8522613067,1,-0.029999999999999957,CLOSED,1,t1_intraday_stop_loss,60
2025-07-22,603198,迎驾贡酒,2,83.8144980789112,42.18,2025-07-23,41.85,1,-0.007823613086770941,CLOSED,0,t1_close_exit,60
2025-07-22,001222,源飞宠物,3,81.5011176688214,19.81,2025-07-23,19.46,1,-0.01766784452296809,CLOSED,0,t1_close_exit,60
2025-07-22,603260,合盛硅业,4,80.55899571543895,52.85617197,2025-07-23,52.89583145,1,0.0007503282686176057,CLOSED,0,t1_close_exit,60
2025-07-22,600312,平高电气,5,79.24246788728088,16.89644124,2025-07-23,16.3895480028,1,-0.029999999999999992,CLOSED,1,t1_intraday_stop_loss,60
2025-07-23,001317,三羊马,1,81.17249402633107,47.55,2025-07-24,50.0,1,0.05152471083070458,CLOSED,0,t1_close_exit,60
2025-07-23,003017,大洋生物,2,79.75084738612611,28.73511992,2025-07-24,28.2989884,1,-0.015177647464642981,CLOSED,0,t1_close_exit,60
2025-07-23,603057,紫燕食品,3,78.04529476031547,22.13,2025-07-24,21.69,1,-0.019882512426570166,CLOSED,0,t1_close_exit,60
2025-07-23,002670,国盛证券,4,77.99424201372693,15.38,2025-07-24,15.81,1,0.027958387516254856,CLOSED,0,t1_close_exit,60
2025-07-23,002826,易明医药,5,76.95116291532133,19.0,2025-07-24,20.9,1,0.09999999999999992,CLOSED,0,t1_close_exit,60
2025-07-24,603290,斯达半导,1,80.48757731631297,85.62,2025-07-25,86.32,1,0.008175659892548337,CLOSED,0,t1_close_exit,60
2025-07-24,001277,速达股份,2,78.5590775513177,47.5,2025-07-25,46.074999999999996,1,-0.03000000000000009,CLOSED,1,t1_intraday_stop_loss,60
2025-07-24,000661,长春高新,3,77.33816275591128,104.98,2025-07-25,103.75,1,-0.011716517431891827,CLOSED,0,t1_close_exit,60
2025-07-24,603776,永安行,4,77.09349854649271,21.06,2025-07-25,21.98,1,0.0436847103513771,CLOSED,0,t1_close_exit,60
2025-07-24,603338,浙江鼎力,5,76.91893919470326,52.29,2025-07-25,53.28,1,0.01893287435456114,CLOSED,0,t1_close_exit,60
2025-07-25,603297,永新光学,1,81.38262307182579,90.32,2025-07-28,89.15,1,-0.012953941541186753,CLOSED,0,t1_close_exit,60
2025-07-25,603567,珍宝岛,2,78.90993954996753,12.30975732,2025-07-28,12.52710456,1,0.01765650080256826,CLOSED,0,t1_close_exit,60
2025-07-25,600486,扬农化工,3,78.0727639416789,67.9230605,2025-07-28,69.268565,1,0.019809244314013055,CLOSED,0,t1_close_exit,60
2025-07-25,603800,洪田股份,4,77.83684491842888,28.18,2025-07-28,29.55,1,0.048616039744499684,CLOSED,0,t1_close_exit,60
2025-07-25,603215,比依股份,5,76.95975995500267,19.15,2025-07-28,18.89,1,-0.013577023498694414,CLOSED,0,t1_close_exit,60
2025-07-28,003033,征和工业,1,81.96118462231077,45.0883645,2025-07-29,43.735713565,1,-0.029999999999999995,CLOSED,1,t1_intraday_stop_loss,60
2025-07-28,000988,华工科技,2,80.6800392495565,50.42,2025-07-29,51.45,1,0.020428401428004783,CLOSED,0,t1_close_exit,60
2025-07-28,002829,星网宇达,3,80.24611393450715,21.83,2025-07-29,21.61,1,-0.010077874484654095,CLOSED,0,t1_close_exit,60
2025-07-28,002741,光华科技,4,78.51658232174537,20.16,2025-07-29,20.17,1,0.0004960317460318235,CLOSED,0,t1_close_exit,60
2025-07-28,603848,好太太,5,76.8748153128348,18.44,2025-07-29,17.8868,1,-0.030000000000000016,CLOSED,1,t1_intraday_stop_loss,60
2025-07-29,600276,恒瑞医药,1,81.43933061472528,63.8,2025-07-30,63.59,1,-0.003291536050156642,CLOSED,0,t1_close_exit,60
2025-07-29,002913,奥士康,2,80.34582626559886,38.0,2025-07-30,40.36,1,0.06210526315789472,CLOSED,0,t1_close_exit,60
2025-07-29,002907,华森制药,3,76.60157659915596,18.47842194,2025-07-30,17.9240692818,1,-0.02999999999999995,CLOSED,1,t1_intraday_stop_loss,60
2025-07-29,000801,四川九洲,4,76.3767793004209,15.94,2025-07-30,16.29,1,0.021957340025094082,CLOSED,0,t1_close_exit,60
2025-07-29,600933,爱柯迪,5,75.74609752531349,17.0,2025-07-30,16.92,1,-0.004705882352941076,CLOSED,0,t1_close_exit,60
2025-07-30,689009,九号公司,1,83.45775250672281,60.73206348,2025-07-31,60.09654156,1,-0.01046435578809683,CLOSED,0,t1_close_exit,60
2025-07-30,603207,小方制药,2,82.27617328519855,34.63048404,2025-07-31,33.5915695188,1,-0.029999999999999968,CLOSED,1,t1_intraday_stop_loss,60
2025-07-30,000423,东阿阿胶,3,79.12009946048778,50.99328464,2025-07-31,50.3300208,1,-0.01300688599846976,CLOSED,0,t1_close_exit,60
2025-07-30,002380,科远智慧,4,77.25904396807522,25.4,2025-07-31,25.8,1,0.01574803149606308,CLOSED,0,t1_close_exit,60
2025-07-30,000538,云南白药,5,76.92922533170488,54.7775316,2025-07-31,53.4991984,1,-0.02333681644026482,CLOSED,0,t1_close_exit,60
2025-07-31,002851,麦格米特,1,82.8750204041281,59.38,2025-08-01,59.39,1,0.0001684068710003033,CLOSED,0,t1_close_exit,60
2025-07-31,000034,神州数码,2,79.22439386094581,41.4,2025-08-01,40.157999999999994,1,-0.030000000000000106,CLOSED,1,t1_intraday_stop_loss,60
2025-07-31,600557,康缘药业,3,78.76212008183089,17.66,2025-08-01,17.8,1,0.00792751981879958,CLOSED,0,t1_close_exit,60
2025-07-31,000681,视觉中国,4,78.1532932669063,21.51876156,2025-08-01,21.69858408,1,0.008356545961002706,CLOSED,0,t1_close_exit,60
2025-07-31,601567,三星电气,5,77.76976621990146,22.0402,2025-08-01,22.2166,1,0.00800355713650516,CLOSED,0,t1_close_exit,60
2025-08-04,605319,无锡振华,1,79.20102420864366,22.60455681,2025-08-05,23.34882726,1,0.03292568203198504,CLOSED,0,t1_close_exit,60
2025-08-04,000099,中信海直,2,78.86751017309365,23.18613225,2025-08-05,23.59500598,1,0.01763440860215053,CLOSED,0,t1_close_exit,60
2025-08-04,002824,和胜股份,3,77.74922484351416,17.44,2025-08-05,17.42,1,-0.0011467889908256636,CLOSED,0,t1_close_exit,60
2025-08-04,600764,中国海防,4,76.74132256681952,36.053571,2025-08-05,35.84442045,1,-0.005801104972375603,CLOSED,0,t1_close_exit,60
2025-08-04,600161,天坛生物,5,76.53692545609783,20.70738096,2025-08-05,20.89590048,1,0.00910397700047932,CLOSED,0,t1_close_exit,60
2025-08-05,002870,香山股份,1,82.38549740798958,35.41,2025-08-06,35.06,1,-0.009884213499011418,CLOSED,0,t1_close_exit,60
2025-08-05,002881,美格智能,2,81.84249737283429,49.3,2025-08-06,50.64,1,0.027180527383367212,CLOSED,0,t1_close_exit,60
2025-08-05,002943,宇晶股份,3,80.9841351831676,28.87,2025-08-06,28.0039,1,-0.029999999999999978,CLOSED,1,t1_intraday_stop_loss,60
2025-08-05,002189,中光学,4,80.69039051805665,27.99,2025-08-06,28.89,1,0.03215434083601294,CLOSED,0,t1_close_exit,60
2025-08-05,002747,埃斯顿,5,78.79425458878268,23.24,2025-08-06,24.21,1,0.04173838209982799,CLOSED,0,t1_close_exit,60
2025-08-06,002472,双环传动,1,83.70912649594106,36.1995837,2025-08-07,35.84107338,1,-0.009903713892709783,CLOSED,0,t1_close_exit,60
2025-08-06,003021,兆威机电,2,81.64760984992688,121.91,2025-08-07,120.68,1,-0.010089410220654498,CLOSED,0,t1_close_exit,60
2025-08-06,603416,信捷电气,3,80.16934746847008,57.9854618,2025-08-07,57.17406114,1,-0.013993174061433513,CLOSED,0,t1_close_exit,60
2025-08-06,002733,雄韬股份,4,79.096919505002,17.44,2025-08-07,18.63,1,0.06823394495412831,CLOSED,0,t1_close_exit,60
2025-08-06,000581,威孚高科,5,78.73727745378474,20.47379411,2025-08-07,20.11547783,1,-0.017501215362177948,CLOSED,0,t1_close_exit,60
2025-08-07,002947,恒铭达,1,85.0,35.6758763,2025-08-08,36.13300452,1,0.01281337047353764,CLOSED,0,t1_close_exit,60
2025-08-07,600460,士兰微,2,81.64565243602038,27.72,2025-08-08,26.888399999999997,1,-0.03000000000000006,CLOSED,1,t1_intraday_stop_loss,60
2025-08-07,001316,润贝航科,3,81.11801499951888,35.9078874,2025-08-08,35.59134404,1,-0.0088154269972451,CLOSED,0,t1_close_exit,60
2025-08-07,603057,紫燕食品,4,78.79802912009325,21.64,2025-08-08,22.35,1,0.03280961182994459,CLOSED,0,t1_close_exit,60
2025-08-07,002008,大族激光,5,77.57572355061092,29.13,2025-08-08,30.8,1,0.057329213868863776,CLOSED,0,t1_close_exit,60
2025-08-08,600487,亨通光电,1,77.30378688291466,16.97,2025-08-11,17.65,1,0.04007071302298172,CLOSED,0,t1_close_exit,60
2025-08-08,603887,城地香江,2,76.63305859798362,18.16,2025-08-11,18.26,1,0.005506607929515497,CLOSED,0,t1_close_exit,60
2025-08-08,001206,依依股份,3,75.79475504909422,26.60281344,2025-08-11,25.804729036799998,1,-0.03000000000000003,CLOSED,1,t1_intraday_stop_loss,60
2025-08-08,605369,拱东医疗,4,75.44158926405902,20.96,2025-08-11,20.83,1,-0.006202290076336,CLOSED,0,t1_close_exit,60
2025-08-08,002202,金风科技,5,75.42321506237101,10.01095515,2025-08-11,10.10958525,1,0.00985221674876859,CLOSED,0,t1_close_exit,60
2025-08-11,001301,尚太科技,1,84.08680410374637,54.49,2025-08-12,54.5,1,0.00018351991191040576,CLOSED,0,t1_close_exit,60
2025-08-11,600809,山西汾酒,2,83.23615270286817,186.62,2025-08-12,186.8,1,0.0009645268459972501,CLOSED,0,t1_close_exit,60
2025-08-11,000596,古井贡酒,3,82.86942675159231,145.62668362,2025-08-12,145.17017364,1,-0.0031347962382444645,CLOSED,0,t1_close_exit,60
2025-08-11,600363,联创光电,4,82.5747663551402,59.15,2025-08-12,60.21,1,0.017920540997464113,CLOSED,0,t1_close_exit,60
2025-08-11,001309,德明利,5,81.71512769544522,93.83118564,2025-08-12,95.67923944,1,0.01969551793889069,CLOSED,0,t1_close_exit,60
2025-08-12,000977,浪潮信息,1,82.20131445951155,56.25,2025-08-13,58.39,1,0.03804444444444446,CLOSED,0,t1_close_exit,60
2025-08-12,603297,永新光学,2,80.9046324412537,92.03,2025-08-13,94.25,1,0.024122568727588816,CLOSED,0,t1_close_exit,60
2025-08-12,000818,航锦科技,3,79.00441514867987,22.87,2025-08-13,23.73,1,0.03760384783559245,CLOSED,0,t1_close_exit,60
2025-08-12,600729,重庆百货,4,78.75557991933398,31.29848632,2025-08-13,30.359531730399997,1,-0.03000000000000005,CLOSED,1,t1_intraday_stop_loss,60
2025-08-12,002961,瑞达期货,5,77.75300391291992,22.23079762,2025-08-13,22.46877226,1,0.010704727921498703,CLOSED,0,t1_close_exit,60
2025-08-13,603501,豪威集团,1,82.67270723271929,123.76142031,2025-08-14,122.41607916,1,-0.010870440454142927,CLOSED,0,t1_close_exit,60
2025-08-13,000818,航锦科技,2,81.97083640901128,23.73,2025-08-14,23.0181,1,-0.03,CLOSED,1,t1_intraday_stop_loss,60
2025-08-13,000063,中兴通讯,3,79.69381685384312,35.5,2025-08-14,34.81,1,-0.019436619718309796,CLOSED,0,t1_close_exit,60
2025-08-13,002730,电光科技,4,78.41443623641952,18.49,2025-08-14,17.935299999999998,1,-0.030000000000000027,CLOSED,1,t1_intraday_stop_loss,60
2025-08-13,605288,凯迪股份,5,77.62328254603632,57.06,2025-08-14,55.3482,1,-0.030000000000000065,CLOSED,1,t1_intraday_stop_loss,60
2025-08-14,002371,北方华创,1,82.58808429653857,341.66,2025-08-15,342.03,1,0.0010829479599600413,CLOSED,0,t1_close_exit,60
2025-08-14,601601,中国太保,2,79.32708562486123,39.6,2025-08-15,39.7,1,0.002525252525252561,CLOSED,0,t1_close_exit,60
2025-08-14,001316,润贝航科,3,78.91653660275367,36.92676134,2025-08-15,37.2927646,1,0.009911599249933014,CLOSED,0,t1_close_exit,60
2025-08-14,603019,中科曙光,4,78.45121190858238,74.01984704,2025-08-15,73.58020432,1,-0.005939524838012889,CLOSED,0,t1_close_exit,60
2025-08-14,002015,协鑫能科,5,78.35770046291537,12.2,2025-08-15,11.834,1,-0.029999999999999975,CLOSED,1,t1_intraday_stop_loss,60
2025-08-15,603383,顶点软件,1,84.01262905476764,42.8369492,2025-08-18,45.6224452,1,0.06502554575011617,CLOSED,0,t1_close_exit,60
2025-08-15,002595,豪迈科技,2,79.5036429228433,58.17,2025-08-18,58.57,1,0.006876396768093494,CLOSED,0,t1_close_exit,60
2025-08-15,002865,钧达股份,3,78.31897973853317,44.4,2025-08-18,45.29,1,0.02004504504504506,CLOSED,0,t1_close_exit,60
2025-08-15,603178,圣龙股份,4,77.20563128872774,19.25,2025-08-18,19.78,1,0.027532467532467592,CLOSED,0,t1_close_exit,60
2025-08-15,601689,拓普集团,5,77.11050289293358,48.85,2025-08-18,49.81,1,0.019651995905834205,CLOSED,0,t1_close_exit,60
2025-08-18,003033,征和工业,1,85.0,51.12857875,2025-08-19,50.35495525,1,-0.015130940834141597,CLOSED,0,t1_close_exit,60
2025-08-18,603281,江瀚新材,2,82.38077987956977,26.97,2025-08-19,26.93,1,-0.0014831294030403838,CLOSED,0,t1_close_exit,60
2025-08-18,603160,汇顶科技,3,82.15690459287754,79.20186906,2025-08-19,78.31341855,1,-0.011217544744139307,CLOSED,0,t1_close_exit,60
2025-08-18,600456,宝钛股份,4,81.58972925344634,33.4,2025-08-19,32.9,1,-0.014970059880239521,CLOSED,0,t1_close_exit,60
2025-08-18,605080,浙江自然,5,79.73404116820669,28.06,2025-08-19,28.36,1,0.010691375623663605,CLOSED,0,t1_close_exit,60
2025-08-19,002304,洋河股份,1,85.0,73.58,2025-08-20,73.38,1,-0.0027181299266105306,CLOSED,0,t1_close_exit,60
2025-08-19,603950,长源东谷,2,82.95392541547082,27.96,2025-08-20,28.57,1,0.021816881258941323,CLOSED,0,t1_close_exit,60
2025-08-19,603203,快克智能,3,81.09155068166568,29.85,2025-08-20,30.35,1,0.01675041876046901,CLOSED,0,t1_close_exit,60
2025-08-19,000963,华东医药,4,79.73871538282893,45.55084785,2025-08-20,45.421921,1,-0.00283039407794468,CLOSED,0,t1_close_exit,60
2025-08-19,603087,甘李药业,5,78.70309787832446,68.03,2025-08-20,67.92,1,-0.0016169337057180572,CLOSED,0,t1_close_exit,60
2025-08-20,000568,泸州老窖,1,81.0078144180543,128.88349643,2025-08-21,128.23072145,1,-0.00506484536873612,CLOSED,0,t1_close_exit,60
2025-08-20,001390,古麒绒材,2,79.35325769183726,26.33,2025-08-21,25.5401,1,-0.029999999999999978,CLOSED,1,t1_intraday_stop_loss,60
2025-08-20,603919,金徽酒,3,78.85746890843177,20.25387297,2025-08-21,19.95645927,1,-0.01468428781204111,CLOSED,0,t1_close_exit,60
2025-08-20,001223,欧克科技,4,76.7805940732853,50.42,2025-08-21,55.46,1,0.09996033320111065,CLOSED,0,t1_close_exit,60
2025-08-20,600436,片仔癀,5,76.72476782535155,206.34988132,2025-08-21,210.77833128,1,0.02146087960735249,CLOSED,0,t1_close_exit,60
2025-08-21,000893,亚钾国际,1,82.62373845762812,32.41,2025-08-22,31.437699999999996,1,-0.030000000000000023,CLOSED,1,t1_intraday_stop_loss,60
2025-08-21,600486,扬农化工,2,81.75707548317784,68.7602633,2025-08-22,69.6472996,1,0.012900420350775346,CLOSED,0,t1_close_exit,60
2025-08-21,600566,济川药业,3,79.91199006758593,27.61,2025-08-22,27.52,1,-0.003259688518652657,CLOSED,0,t1_close_exit,60
2025-08-21,605318,法狮龙,4,79.07964727459233,31.49,2025-08-22,33.49,1,0.06351222610352504,CLOSED,0,t1_close_exit,60
2025-08-21,002714,牧原股份,5,78.5972356172091,49.34282309,2025-08-22,49.48040515,1,0.002788289185421225,CLOSED,0,t1_close_exit,60
2025-08-22,603163,圣晖集成,1,77.35249547621241,35.1685781,2025-08-25,38.68543591,1,0.10000000000000014,CLOSED,0,t1_close_exit,60
2025-08-22,002541,鸿路钢构,2,77.30751772992467,18.44,2025-08-25,18.1,1,-0.018438177874186543,CLOSED,0,t1_close_exit,60
2025-08-22,605318,法狮龙,3,77.27528106787915,33.49,2025-08-25,34.06,1,0.01702000597193193,CLOSED,0,t1_close_exit,60
2025-08-22,002544,普天科技,4,75.85718617458103,25.13,2025-08-25,26.12,1,0.0393951452447275,CLOSED,0,t1_close_exit,60
2025-08-22,002178,延华智能,5,75.21761258370907,7.59,2025-08-25,7.55,1,-0.00527009222661397,CLOSED,0,t1_close_exit,60
2025-08-25,603358,华达科技,1,80.50746869647827,41.1879531,2025-08-26,42.2849688,1,0.026634382566585957,CLOSED,0,t1_close_exit,60
2025-08-25,603325,博隆技术,2,79.51934050322602,93.285224,2025-08-26,94.6249586,1,0.014361702127659573,CLOSED,0,t1_close_exit,60
2025-08-25,603267,鸿远电子,3,78.39348464263664,61.5951717,2025-08-26,60.84644595,1,-0.012155591572123151,CLOSED,0,t1_close_exit,60
2025-08-25,002544,普天科技,4,77.8399267969761,26.12,2025-08-26,25.98,1,-0.00535987748851457,CLOSED,0,t1_close_exit,60
2025-08-25,001255,博菲电气,5,77.58004158563189,35.35,2025-08-26,35.64,1,0.008203677510608178,CLOSED,0,t1_close_exit,60
2025-08-26,603358,华达科技,1,79.49879050950797,42.2849688,2025-08-27,41.016419736,1,-0.02999999999999996,CLOSED,1,t1_intraday_stop_loss,60
2025-08-26,600761,安徽合力,2,78.89491333236083,19.77867748,2025-08-27,19.2112972,1,-0.028686462003019542,CLOSED,0,t1_close_exit,60
2025-08-26,000048,京基智农,3,77.19850437200304,16.68992105,2025-08-27,16.22984698,1,-0.027565982404691932,CLOSED,0,t1_close_exit,60
2025-08-26,600817,宇通重工,4,76.08687797614024,12.65037884,2025-08-27,12.2708674748,1,-0.030000000000000065,CLOSED,1,t1_intraday_stop_loss,60
2025-08-26,002008,大族激光,5,75.48053678202116,37.82,2025-08-27,36.6854,1,-0.02999999999999997,CLOSED,1,t1_intraday_stop_loss,60
2025-08-27,003043,华亚智能,1,85.0,48.68,2025-08-28,47.2196,1,-0.03,CLOSED,1,t1_intraday_stop_loss,60
2025-08-27,600810,神马股份,2,76.44441151808624,10.03,2025-08-28,9.729099999999999,1,-0.03000000000000004,CLOSED,1,t1_intraday_stop_loss,60
2025-08-27,603871,嘉友国际,3,75.95432137813798,11.71149408,2025-08-28,12.13539496,1,0.03619528619528617,CLOSED,0,t1_close_exit,60
2025-08-27,603037,凯众股份,4,75.45600259742142,13.42,2025-08-28,13.0174,1,-0.02999999999999997,CLOSED,1,t1_intraday_stop_loss,60
2025-08-27,601686,友发集团,5,74.03990430801232,6.07098735,2025-08-28,5.8888577295,1,-0.03000000000000008,CLOSED,1,t1_intraday_stop_loss,60
2025-08-28,002983,芯瑞达,1,79.12435185163173,23.59716875,2025-08-29,22.889253687500002,1,-0.029999999999999985,CLOSED,1,t1_intraday_stop_loss,60
2025-08-28,001335,信凯科技,2,78.71696988423449,42.0,2025-08-29,41.61,1,-0.0092857142857143,CLOSED,0,t1_close_exit,60
2025-08-28,603991,至正股份,3,77.31611503363575,63.41257986,2025-08-29,61.5102024642,1,-0.030000000000000034,CLOSED,1,t1_intraday_stop_loss,60
2025-08-28,600826,兰生股份,4,74.29104544213745,11.88971108,2025-08-29,11.5330197476,1,-0.030000000000000044,CLOSED,1,t1_intraday_stop_loss,60
2025-08-28,603858,步长制药,5,74.23939133193743,19.6006811,2025-08-29,19.012660667,1,-0.030000000000000027,CLOSED,1,t1_intraday_stop_loss,60
2025-08-29,603661,恒林股份,1,79.1240677233053,31.21301225,2025-09-01,31.23267399,1,0.0006299212598425227,CLOSED,0,t1_close_exit,60
2025-08-29,601127,赛力斯,2,78.1656748599747,136.6512401,2025-09-01,143.6180479,1,0.050982397195237734,CLOSED,0,t1_close_exit,60
2025-08-29,002594,比亚迪,3,77.60613701932519,114.06,2025-09-01,109.7,1,-0.03822549535332281,CLOSED,1,t1_open_below_stop_limit,60
2025-08-29,603238,诺邦股份,4,75.4714759077531,22.97,2025-09-01,22.2809,1,-0.029999999999999995,CLOSED,1,t1_intraday_stop_loss,60
2025-08-29,603610,麒盛科技,5,75.39186946888832,16.51,2025-09-01,16.25,1,-0.015748031496063086,CLOSED,0,t1_close_exit,60
2025-09-01,603375,盛景微,1,80.53970020351683,44.42,2025-09-02,43.0874,1,-0.029999999999999985,CLOSED,1,t1_intraday_stop_loss,60
2025-09-01,000538,云南白药,2,78.32656080066957,56.5614742,2025-09-02,56.9430662,1,0.006746500252993719,CLOSED,0,t1_close_exit,60
2025-09-01,600150,中国船舶,3,77.25307639515468,38.92,2025-09-02,38.45,1,-0.012076053442959887,CLOSED,0,t1_close_exit,60
2025-09-01,001211,双枪科技,4,77.11754040414864,26.25,2025-09-02,25.4625,1,-0.030000000000000054,CLOSED,1,t1_intraday_stop_loss,60
2025-09-01,600196,复星医药,5,76.99899655663464,30.68,2025-09-02,30.85,1,0.00554106910039119,CLOSED,0,t1_close_exit,60
2025-09-02,603014,威高血净,1,83.7540113968418,42.48321696,2025-09-03,41.825952,1,-0.015471167369901527,CLOSED,0,t1_close_exit,60
2025-09-02,603699,纽威股份,2,76.40940397388655,34.72380288,2025-09-03,33.6820887936,1,-0.029999999999999968,CLOSED,1,t1_intraday_stop_loss,60
2025-09-02,603881,数据港,3,73.84283617366512,38.30865019,2025-09-03,35.84002598,1,-0.06444038612053225,CLOSED,1,t1_open_below_stop_limit,60
2025-09-02,002617,露笑科技,4,73.80081336898279,8.26,2025-09-03,8.1,1,-0.01937046004842617,CLOSED,0,t1_close_exit,60
2025-09-02,600868,梅雁吉祥,5,72.41043454112383,3.0,2025-09-03,2.91,1,-0.029999999999999954,CLOSED,1,t1_intraday_stop_loss,60
2025-09-03,001234,泰慕士,1,83.01191454396054,25.84,2025-09-04,24.5,1,-0.05185758513931888,CLOSED,1,t1_open_below_stop_limit,60
2025-09-03,603283,赛腾股份,2,78.6792688837488,43.38,2025-09-04,42.0786,1,-0.03000000000000002,CLOSED,1,t1_intraday_stop_loss,60
2025-09-03,603895,天永智能,3,76.9732276069391,31.04,2025-09-04,31.1,1,0.0019329896907217228,CLOSED,1,t1_open_below_stop_limit,60
2025-09-03,603185,弘元绿能,4,76.76201927489565,22.1,2025-09-04,22.15,1,0.0022624434389138985,CLOSED,0,t1_close_exit,60
2025-09-03,603690,至纯科技,5,76.18033111360543,29.32,2025-09-04,26.39,1,-0.09993178717598908,CLOSED,1,t1_open_below_stop_limit,60
2025-09-04,603165,荣晟环保,1,77.80600865297245,12.2465874,2025-09-05,11.879189777999999,1,-0.030000000000000034,CLOSED,1,t1_intraday_stop_loss,60
2025-09-04,603120,肯特催化,2,75.87257783741629,44.8875068,2025-09-05,44.9370078,1,0.0011027790030879252,CLOSED,0,t1_close_exit,60
2025-09-04,605388,均瑶健康,3,75.479918124038,9.03,2025-09-05,8.759099999999998,1,-0.030000000000000117,CLOSED,1,t1_intraday_stop_loss,60
2025-09-04,603806,福斯特,4,73.76459676194507,15.32,2025-09-05,16.13,1,0.052872062663185296,CLOSED,0,t1_close_exit,60
2025-09-04,002407,多氟多,5,73.43151134295927,13.81,2025-09-05,15.19,1,0.09992758870383772,CLOSED,0,t1_close_exit,60
2025-09-05,600612,老凤祥,1,79.13179927529023,50.40755152,2025-09-08,53.52697824,1,0.061884115096570755,CLOSED,0,t1_close_exit,60
2025-09-05,603026,石大胜华,2,78.60964266450176,40.91,2025-09-08,41.91,1,0.024443901246638967,CLOSED,0,t1_close_exit,60
2025-09-05,000049,德赛电池,3,76.5321928979896,26.27,2025-09-08,26.26,1,-0.0003806623524932627,CLOSED,0,t1_close_exit,60
2025-09-05,603344,星德胜,4,76.40927099668806,28.06,2025-09-08,28.38,1,0.011404133998574494,CLOSED,0,t1_close_exit,60
2025-09-05,001289,龙源电力,5,73.79356397968311,17.7034572,2025-09-08,17.8028032,1,0.005611672278338979,CLOSED,0,t1_close_exit,60
2025-09-08,603786,科博达,1,85.0,64.0,2025-09-09,62.57,1,-0.022343749999999996,CLOSED,0,t1_close_exit,60
2025-09-08,603059,倍加洁,2,84.49904489016232,33.11236859,2025-09-09,32.1189975323,1,-0.030000000000000082,CLOSED,1,t1_intraday_stop_loss,60
2025-09-08,002858,力盛体育,3,82.9404344547902,15.7,2025-09-09,15.229,1,-0.030000000000000006,CLOSED,1,t1_intraday_stop_loss,60
2025-09-08,605099,共创草坪,4,79.36483175771221,34.04,2025-09-09,33.0188,1,-0.03000000000000001,CLOSED,1,t1_intraday_stop_loss,60
2025-09-08,605287,德才股份,5,79.35136517551435,18.0,2025-09-09,18.56,1,0.03111111111111104,CLOSED,0,t1_close_exit,60
2025-09-09,603098,森特股份,1,81.33122726485702,16.44,2025-09-10,15.946800000000001,1,-0.02999999999999999,CLOSED,1,t1_intraday_stop_loss,60
2025-09-09,603699,纽威股份,2,75.9403499102221,35.14810624,2025-09-10,35.1283712,1,-0.0005614823133071445,CLOSED,0,t1_close_exit,60
2025-09-09,600791,京能置业,3,73.83215851448904,5.06,2025-09-10,5.08,1,0.003952569169960566,CLOSED,0,t1_close_exit,60
2025-09-09,605599,菜百股份,4,72.33815043241523,15.08,2025-09-10,14.6276,1,-0.030000000000000054,CLOSED,1,t1_intraday_stop_loss,60
2025-09-09,002741,光华科技,5,72.20165666604348,23.6,2025-09-10,23.25,1,-0.01483050847457633,CLOSED,1,t1_open_below_stop_limit,60
2025-09-10,001268,联合精密,1,77.12711426782859,36.8,2025-09-11,35.696,1,-0.02999999999999998,CLOSED,1,t1_intraday_stop_loss,60
2025-09-10,603991,至正股份,2,71.69031878313415,65.67231544,2025-09-11,65.87229204,1,0.003045066991473803,CLOSED,0,t1_close_exit,60
2025-09-10,601599,浙文影业,3,71.64697085051645,3.87,2025-09-11,3.82,1,-0.012919896640826942,CLOSED,0,t1_close_exit,60
2025-09-10,002099,海翔药业,4,71.29559439549779,6.4,2025-09-11,6.49,1,0.014062499999999978,CLOSED,0,t1_close_exit,60
2025-09-10,600108,亚盛集团,5,69.47789690294096,3.16,2025-09-11,3.15,1,-0.0031645569620253893,CLOSED,0,t1_close_exit,60
2025-09-11,002714,牧原股份,1,80.95291944808154,56.45778105,2025-09-12,56.54622666,1,0.0015665796344647668,CLOSED,0,t1_close_exit,60
2025-09-11,002733,雄韬股份,2,80.23101687426562,22.22,2025-09-12,21.5534,1,-0.029999999999999954,CLOSED,1,t1_intraday_stop_loss,60
2025-09-11,002313,日海智能,3,79.89289862977206,12.82,2025-09-12,12.4354,1,-0.030000000000000054,CLOSED,1,t1_intraday_stop_loss,60
2025-09-11,603262,技源集团,4,79.10033086513744,32.99,2025-09-12,32.0003,1,-0.02999999999999997,CLOSED,1,t1_intraday_stop_loss,60
2025-09-11,605277,新亚电子,5,78.21893848009653,26.8,2025-09-12,25.996,1,-0.030000000000000075,CLOSED,1,t1_intraday_stop_loss,60
2025-09-12,600071,凤凰光学,1,85.0,23.85,2025-09-15,23.54,1,-0.012997903563941395,CLOSED,0,t1_close_exit,60
2025-09-12,603049,中策橡胶,2,85.0,48.81,2025-09-15,48.43,1,-0.007785289899610788,CLOSED,0,t1_close_exit,60
2025-09-12,603855,华荣股份,3,83.15756965907828,21.32,2025-09-15,20.8,1,-0.024390243902439004,CLOSED,0,t1_close_exit,60
2025-09-12,000880,潍柴重机,4,81.81664811907551,36.37333146,2025-09-15,33.51451023,1,-0.07859662877303028,CLOSED,1,t1_open_below_stop_limit,60
2025-09-12,001298,好上好,5,81.74163445949311,25.19566098,2025-09-15,24.439791150599998,1,-0.03000000000000007,CLOSED,1,t1_intraday_stop_loss,60
2025-09-15,605389,长龄液压,1,82.69122257053289,47.46,2025-09-16,48.52,1,0.02233459755583654,CLOSED,0,t1_close_exit,60
2025-09-15,002970,锐明技术,2,80.13408521303262,50.4616665,2025-09-16,50.6387595,1,0.0035094560343146668,CLOSED,0,t1_close_exit,60
2025-09-15,600835,上海机电,3,79.81078781168891,27.61877794,2025-09-16,26.7902146018,1,-0.03000000000000008,CLOSED,1,t1_intraday_stop_loss,60
2025-09-15,002990,盛视科技,4,76.90744250481447,30.18,2025-09-16,30.43,1,0.00828363154406892,CLOSED,0,t1_close_exit,60
2025-09-15,000756,新华制药,5,76.73772745369723,16.89,2025-09-16,16.81,1,-0.004736530491415147,CLOSED,0,t1_close_exit,60
2025-09-16,002444,巨星科技,1,84.1050448334537,33.20007372,2025-09-17,33.75539156,1,0.01672640382317804,CLOSED,0,t1_close_exit,60
2025-09-16,002899,英派斯,2,82.16629923689695,21.7,2025-09-17,21.43,1,-0.012442396313364036,CLOSED,0,t1_close_exit,60
2025-09-16,603153,上海建科,3,81.64724078339896,20.17,2025-09-17,19.5649,1,-0.030000000000000006,CLOSED,1,t1_intraday_stop_loss,60
2025-09-16,603199,九华旅游,4,81.49774386624175,39.78,2025-09-17,38.77,1,-0.025389643036701808,CLOSED,0,t1_close_exit,60
2025-09-16,605011,杭州热电,5,79.48923387633499,22.62862355,2025-09-17,22.2197326,1,-0.01806963420008814,CLOSED,0,t1_close_exit,60
2025-09-17,603678,火炬电子,1,81.25965926637235,38.57163303,2025-09-18,38.62142858,1,0.0012909888974954532,CLOSED,0,t1_close_exit,60
2025-09-17,601136,首创证券,2,80.88554554738353,23.75443896,2025-09-18,23.0418057912,1,-0.03,CLOSED,1,t1_intraday_stop_loss,60
2025-09-17,002025,航天电器,3,80.87953810981665,51.12,2025-09-18,51.48,1,0.0070422535211267494,CLOSED,0,t1_close_exit,60
2025-09-17,603194,中力股份,4,80.25045860780736,42.3613448,2025-09-18,41.090504456,1,-0.029999999999999995,CLOSED,1,t1_intraday_stop_loss,60
2025-09-17,603589,口子窖,5,79.22839070802101,35.22,2025-09-18,34.48,1,-0.021010789324247645,CLOSED,0,t1_close_exit,60
2025-09-18,000661,长春高新,1,83.42706532745588,130.31,2025-09-19,126.4007,1,-0.030000000000000013,CLOSED,1,t1_intraday_stop_loss,60
2025-09-18,002549,凯美特气,2,83.05893777537081,18.87,2025-09-19,20.76,1,0.10015898251192372,CLOSED,1,t1_open_below_stop_limit,60
2025-09-18,000034,神州数码,3,82.59857880819841,45.34,2025-09-19,45.15,1,-0.004190560211733675,CLOSED,0,t1_close_exit,60
2025-09-18,603755,日辰股份,4,79.75210462183422,29.324016,2025-09-19,30.2995125,1,0.033266129032258014,CLOSED,0,t1_close_exit,60
2025-09-18,603322,超讯通信,5,79.49727715905104,41.33,2025-09-19,42.14,1,0.019598354706024734,CLOSED,0,t1_close_exit,60
2025-09-19,603280,南方路机,1,85.0,45.3,2025-09-22,43.940999999999995,1,-0.03000000000000004,CLOSED,1,t1_intraday_stop_loss,60
2025-09-19,003043,华亚智能,2,83.04988575780659,55.75,2025-09-22,54.0775,1,-0.02999999999999999,CLOSED,1,t1_intraday_stop_loss,60
2025-09-19,603358,华达科技,3,82.54329118993061,43.5814419,2025-09-22,43.63130625,1,0.0011441647597254005,CLOSED,0,t1_close_exit,60
2025-09-19,302132,中航成飞,4,82.08187288232861,85.67,2025-09-22,85.18,1,-0.005719621804598983,CLOSED,0,t1_close_exit,60
2025-09-19,002190,成飞集成,5,81.02689604087628,40.79,2025-09-22,40.58,1,-0.005148320666830126,CLOSED,0,t1_close_exit,60
2025-09-22,603130,云中马,1,78.7787346921396,42.88282328,2025-09-23,41.596338581599994,1,-0.03000000000000006,CLOSED,1,t1_intraday_stop_loss,60
2025-09-22,000935,四川双马,2,78.68664047331362,21.34,2025-09-23,20.6998,1,-0.030000000000000006,CLOSED,1,t1_intraday_stop_loss,60
2025-09-22,600343,航天动力,3,77.62460329363704,14.84,2025-09-23,14.3948,1,-0.02999999999999999,CLOSED,1,t1_intraday_stop_loss,60
2025-09-22,603277,银都股份,4,77.61627738787188,18.94496016,2025-09-23,19.05282484,1,0.005693581780538234,CLOSED,0,t1_close_exit,60
2025-09-22,002351,漫步者,5,77.33179755627849,13.84,2025-09-23,13.4248,1,-0.030000000000000034,CLOSED,1,t1_intraday_stop_loss,60
2025-09-23,003026,中晶科技,1,84.5230017319816,36.66,2025-09-24,38.51,1,0.050463720676486676,CLOSED,0,t1_close_exit,60
2025-09-23,605056,咸亨国际,2,81.23341352661237,15.45626356,2025-09-24,15.675219,1,0.014166130070830665,CLOSED,0,t1_close_exit,60
2025-09-23,003023,彩虹集团,3,78.93254362620851,22.85,2025-09-24,22.68,1,-0.007439824945295479,CLOSED,0,t1_close_exit,60
2025-09-23,603080,新疆火炬,4,77.41601283792714,23.43,2025-09-24,23.35,1,-0.0034144259496371445,CLOSED,0,t1_close_exit,60
2025-09-23,601567,三星电气,5,77.40667174155388,23.765,2025-09-24,23.8924,1,0.005360824742267956,CLOSED,0,t1_close_exit,60
2025-09-24,002819,东方中科,1,78.41011731056292,31.15,2025-09-25,31.48,1,0.010593900481540991,CLOSED,0,t1_close_exit,60
2025-09-24,603037,凯众股份,2,77.83124926462439,13.36,2025-09-25,13.33,1,-0.0022455089820358804,CLOSED,0,t1_close_exit,60
2025-09-24,002230,科大讯飞,3,76.87525515626106,55.05,2025-09-25,56.17,1,0.02034514078110817,CLOSED,0,t1_close_exit,60
2025-09-24,600363,联创光电,4,76.60455341850573,62.03,2025-09-25,63.09,1,0.01708850556182496,CLOSED,0,t1_close_exit,60
2025-09-24,605588,冠石科技,5,76.49484711134468,57.97,2025-09-25,56.48,1,-0.025702949801621564,CLOSED,0,t1_close_exit,60
2025-09-25,603406,天富龙,1,84.93891402714931,46.08698952,2025-09-26,47.57908545,1,0.03237564322469978,CLOSED,0,t1_close_exit,60
2025-09-25,601127,赛力斯,2,80.46542395070895,148.3690515,2025-09-26,156.9228542,1,0.05765220316178928,CLOSED,0,t1_close_exit,60
2025-09-25,600563,法拉电子,3,78.63842840672186,125.08,2025-09-26,123.67,1,-0.01127278541733288,CLOSED,0,t1_close_exit,60
2025-09-25,002899,英派斯,4,78.56282726478024,22.04,2025-09-26,22.73,1,0.03130671506352093,CLOSED,0,t1_close_exit,60
2025-09-25,603728,鸣志电器,5,78.50913117725368,83.67,2025-09-26,81.1599,1,-0.0300000000000001,CLOSED,1,t1_intraday_stop_loss,60
2025-09-26,600893,航发动力,1,84.25039874784146,39.6,2025-09-29,40.36,1,0.019191919191919142,CLOSED,0,t1_close_exit,60
2025-09-26,603606,东方电缆,2,81.05110127459687,66.02,2025-09-29,67.25,1,0.018630717964253318,CLOSED,0,t1_close_exit,60
2025-09-26,603929,亚翔集成,3,78.88635921707129,44.78,2025-09-29,43.4366,1,-0.030000000000000058,CLOSED,1,t1_intraday_stop_loss,60
2025-09-26,000581,威孚高科,4,78.5592400168566,23.44980988,2025-09-29,23.06163391,1,-0.01655348047538196,CLOSED,0,t1_close_exit,60
2025-09-26,302132,中航成飞,5,78.05924153768535,88.07,2025-09-29,86.69,1,-0.015669353923015734,CLOSED,0,t1_close_exit,60
2025-09-29,600030,中信证券,1,83.84679665738159,30.09683782,2025-09-30,29.5920898,1,-0.01677079907925028,CLOSED,0,t1_close_exit,60
2025-09-29,002756,永兴材料,2,79.57018430871054,36.00024492,2025-09-30,38.46112164,1,0.06835722160970237,CLOSED,0,t1_close_exit,60
2025-09-29,601881,中国银河,3,78.78050636384702,17.65337084,2025-09-30,17.64344206,1,-0.0005624296962879183,CLOSED,0,t1_close_exit,60
2025-09-29,603130,云中马,4,75.8519227446904,42.793256,2025-09-30,42.48474648,1,-0.007209302325581424,CLOSED,0,t1_close_exit,60
2025-09-29,603110,东方材料,5,75.32231113100524,17.97,2025-09-30,18.08,1,0.006121313299944321,CLOSED,0,t1_close_exit,60
2025-09-30,605090,九丰能源,1,80.69235511713933,34.69,2025-10-09,35.32,1,0.01816085327183634,CLOSED,0,t1_close_exit,60
2025-09-30,002733,雄韬股份,2,80.14676596145023,22.41,2025-10-09,22.24,1,-0.007585899152164288,CLOSED,0,t1_close_exit,60
2025-09-30,002626,金达威,3,79.36497888726424,20.14,2025-10-09,20.5,1,0.017874875868917547,CLOSED,0,t1_close_exit,60
2025-09-30,600316,洪都航空,4,79.25937015666953,37.9,2025-10-09,36.763,1,-0.030000000000000013,CLOSED,1,t1_intraday_stop_loss,60
2025-09-30,603665,康隆达,5,79.23925528565343,27.7,2025-10-09,26.869,1,-0.029999999999999985,CLOSED,1,t1_intraday_stop_loss,60
2025-10-09,002861,瀛通通讯,1,78.22502130937906,19.36,2025-10-10,19.01,1,-0.018078512396694106,CLOSED,0,t1_close_exit,60
2025-10-09,600363,联创光电,2,77.37008112199804,65.69,2025-10-10,63.7193,1,-0.030000000000000013,CLOSED,1,t1_intraday_stop_loss,60
2025-10-09,603290,斯达半导,3,76.82691961610917,115.8,2025-10-10,112.326,1,-0.030000000000000034,CLOSED,1,t1_intraday_stop_loss,60
2025-10-09,603236,移远通信,4,76.62609770112053,107.89,2025-10-10,104.6533,1,-0.029999999999999992,CLOSED,1,t1_intraday_stop_loss,60
2025-10-09,603160,汇顶科技,5,76.46040976093877,84.94185831,2025-10-10,82.3936025607,1,-0.029999999999999968,CLOSED,1,t1_intraday_stop_loss,60
2025-10-10,600793,宜宾纸业,1,83.3678785313177,23.8,2025-10-13,23.086,1,-0.030000000000000093,CLOSED,1,t1_intraday_stop_loss,60
2025-10-10,002922,伊戈尔,2,81.96649390447675,22.935025,2025-10-13,22.62590075,1,-0.013478260869565217,CLOSED,1,t1_open_below_stop_limit,60
2025-10-10,002734,利民股份,3,79.99756797794682,19.3,2025-10-13,20.8,1,0.07772020725388601,CLOSED,1,t1_open_below_stop_limit,60
2025-10-10,002857,三晖电气,4,79.43939799916424,24.72,2025-10-13,24.71,1,-0.0004045307443364891,CLOSED,1,t1_open_below_stop_limit,60
2025-10-10,605016,百龙创园,5,79.33039069971446,21.36610728,2025-10-13,20.7251240616,1,-0.03000000000000011,CLOSED,1,t1_intraday_stop_loss,60
2025-10-13,002787,华源控股,1,74.8595086948817,8.51,2025-10-14,8.85,1,0.03995299647473559,CLOSED,0,t1_close_exit,60
2025-10-13,600114,东睦股份,2,74.42193308451755,34.57,2025-10-14,33.5329,1,-0.03000000000000007,CLOSED,1,t1_intraday_stop_loss,60
2025-10-13,002752,昇兴股份,3,74.34396734441731,5.68,2025-10-14,5.63,1,-0.00880281690140842,CLOSED,0,t1_close_exit,60
2025-10-13,603290,斯达半导,4,74.131820596996,116.2,2025-10-14,112.714,1,-0.030000000000000037,CLOSED,1,t1_intraday_stop_loss,60
2025-10-13,000090,天健集团,5,73.36068182373283,3.86,2025-10-14,3.78,1,-0.020725388601036288,CLOSED,0,t1_close_exit,60
2025-10-15,603076,乐惠国际,1,81.1541544760321,25.8,2025-10-16,25.39,1,-0.01589147286821706,CLOSED,1,t1_open_below_stop_limit,60
2025-10-15,603367,辰欣药业,2,79.27713985283152,20.8,2025-10-16,21.15,1,0.016826923076922976,CLOSED,0,t1_close_exit,60
2025-10-15,002568,百润股份,3,75.79987523456299,26.88,2025-10-16,27.01,1,0.004836309523809619,CLOSED,0,t1_close_exit,60
2025-10-15,002847,盐津铺子,4,75.22946134691225,74.05631922,2025-10-16,72.98260698,1,-0.014498590414820862,CLOSED,0,t1_close_exit,60
2025-10-15,003029,吉大正元,5,75.08566799693176,25.48,2025-10-16,24.7156,1,-0.030000000000000075,CLOSED,1,t1_intraday_stop_loss,60
2025-10-16,600329,达仁堂,1,82.23373263751759,43.51916464,2025-10-17,43.70870804,1,0.004355400696864066,CLOSED,0,t1_close_exit,60
2025-10-16,605098,行动教育,2,79.42167532062577,40.21964805,2025-10-17,39.37000675,1,-0.021125030704986534,CLOSED,1,t1_open_below_stop_limit,60
2025-10-16,600885,宏发股份,3,78.2669172932331,28.66,2025-10-17,27.8002,1,-0.029999999999999995,CLOSED,1,t1_intraday_stop_loss,60
2025-10-16,603678,火炬电子,4,76.9749236466713,39.99,2025-10-17,38.7903,1,-0.03,CLOSED,1,t1_intraday_stop_loss,60
2025-10-16,603320,迪贝电气,5,75.29504817810945,20.96,2025-10-17,20.3312,1,-0.030000000000000086,CLOSED,1,t1_intraday_stop_loss,60
2025-10-21,603280,南方路机,1,78.8939816431419,37.7,2025-10-22,41.47,1,0.09999999999999988,CLOSED,0,t1_close_exit,60
2025-10-21,600150,中国船舶,2,78.48835314939976,36.29,2025-10-22,35.65,1,-0.017635712317442837,CLOSED,0,t1_close_exit,60
2025-10-21,600192,长城电工,3,77.4127482558848,10.3,2025-10-22,9.991,1,-0.0300000000000001,CLOSED,1,t1_intraday_stop_loss,60
2025-10-21,605133,嵘泰股份,4,77.02226442874073,42.42,2025-10-22,43.89,1,0.03465346534653463,CLOSED,0,t1_close_exit,60
2025-10-21,603727,XD博迈科,5,76.69694808161319,14.21625494,2025-10-22,14.44363593,1,0.01599443671766332,CLOSED,0,t1_close_exit,60
2025-10-22,003001,中岩大地,1,80.31915772089181,25.93,2025-10-23,25.1521,1,-0.029999999999999957,CLOSED,1,t1_intraday_stop_loss,60
2025-10-22,600511,国药股份,2,80.17347202683109,29.89,2025-10-23,29.78,1,-0.0036801605888256753,CLOSED,0,t1_close_exit,60
2025-10-22,603231,索宝蛋白,3,79.55741391546914,20.0887344,2025-10-23,19.486072368,1,-0.03000000000000007,CLOSED,1,t1_intraday_stop_loss,60
2025-10-22,002249,大洋电机,4,76.62821700396387,12.25,2025-10-23,12.13,1,-0.009795918367346876,CLOSED,0,t1_close_exit,60
2025-10-22,600880,博瑞传播,5,74.90875288629495,5.16,2025-10-23,5.0052,1,-0.029999999999999964,CLOSED,1,t1_intraday_stop_loss,60
2025-10-23,001335,信凯科技,1,83.9774844651525,38.82,2025-10-24,38.47,1,-0.00901597114889236,CLOSED,0,t1_close_exit,60
2025-10-23,002961,瑞达期货,2,78.88258355932552,23.13,2025-10-24,23.24,1,0.004755728491137027,CLOSED,0,t1_close_exit,60
2025-10-23,603699,纽威股份,3,76.56410421110894,44.8,2025-10-24,44.5,1,-0.006696428571428509,CLOSED,0,t1_close_exit,60
2025-10-23,603598,引力传媒,4,76.37678027606553,16.85,2025-10-24,16.57,1,-0.016617210682492646,CLOSED,1,t1_open_below_stop_limit,60
2025-10-23,000155,川能动力,5,73.75604020254208,10.93,2025-10-24,10.99,1,0.0054894784995425895,CLOSED,0,t1_close_exit,60
2025-10-24,001256,炜冈科技,1,81.1326869531093,23.56,2025-10-27,23.04,1,-0.02207130730050932,CLOSED,0,t1_close_exit,60
2025-10-24,002756,永兴材料,2,80.75150339033127,40.48,2025-10-27,40.56,1,0.0019762845849803706,CLOSED,0,t1_close_exit,60
2025-10-24,689009,九号公司,3,79.3356371244716,65.01190641,2025-10-27,62.80743975,1,-0.03390866045517022,CLOSED,1,t1_open_below_stop_limit,60
2025-10-24,603306,华懋科技,4,78.11608813136561,51.86,2025-10-27,51.41,1,-0.008677207867335187,CLOSED,0,t1_close_exit,60
2025-10-24,002192,融捷股份,5,77.89072169600902,43.58,2025-10-27,44.52,1,0.021569527306103828,CLOSED,0,t1_close_exit,60
2025-10-27,002975,博杰股份,1,83.69508402934801,59.27626884,2025-10-28,60.81461488,1,0.02595214020896529,CLOSED,0,t1_close_exit,60
2025-10-27,002897,意华股份,2,83.54201490851595,46.92,2025-10-28,46.6,1,-0.006820119352088668,CLOSED,0,t1_close_exit,60
2025-10-27,002074,国轩高科,3,83.51421800947875,44.73,2025-10-28,43.388099999999994,1,-0.030000000000000058,CLOSED,1,t1_intraday_stop_loss,60
2025-10-27,600118,中国卫星,4,83.20692944866416,40.4,2025-10-28,40.23,1,-0.004207920792079251,CLOSED,0,t1_close_exit,60
2025-10-27,603239,浙江仙通,5,81.34275381151676,19.7,2025-10-28,19.98,1,0.014213197969543205,CLOSED,0,t1_close_exit,60
2025-10-28,002104,恒宝股份,1,85.0,23.15,2025-10-29,23.54,1,0.0168466522678186,CLOSED,0,t1_close_exit,60
2025-10-28,603185,弘元绿能,2,81.88739947433984,23.93,2025-10-29,26.32,1,0.09987463435018808,CLOSED,0,t1_close_exit,60
2025-10-28,002265,建设工业,3,81.84482758620689,30.9,2025-10-29,29.973,1,-0.02999999999999999,CLOSED,1,t1_intraday_stop_loss,60
2025-10-28,002851,麦格米特,4,81.319824101297,78.9,2025-10-29,80.27,1,0.01736375158428378,CLOSED,0,t1_close_exit,60
2025-10-28,002049,紫光国微,5,80.6872132823424,86.92,2025-10-29,87.42,1,0.0057524160147261845,CLOSED,0,t1_close_exit,60
2025-10-29,603345,安井食品,1,85.0,73.0,2025-10-30,73.11,1,0.0015068493150684854,CLOSED,0,t1_close_exit,60
2025-10-29,603661,恒林股份,2,82.51886183346544,33.62,2025-10-30,33.62,1,0.0,CLOSED,0,t1_close_exit,60
2025-10-29,601877,正泰电器,3,79.03813208287227,30.48,2025-10-30,28.86,1,-0.05314960629921263,CLOSED,1,t1_open_below_stop_limit,60
2025-10-29,600096,云天化,4,78.30828827667997,29.8,2025-10-30,28.906,1,-0.030000000000000065,CLOSED,1,t1_intraday_stop_loss,60
2025-10-29,002812,恩捷股份,5,78.0733528788311,43.08,2025-10-30,44.11,1,0.023909006499535774,CLOSED,0,t1_close_exit,60
2025-10-30,603396,金辰股份,1,82.3479402701472,29.61,2025-10-31,29.33,1,-0.00945626477541375,CLOSED,0,t1_close_exit,60
2025-10-30,605378,野马电池,2,81.33649508605052,25.25,2025-10-31,26.62,1,0.0542574257425743,CLOSED,0,t1_close_exit,60
2025-10-30,601012,隆基绿能,3,80.59551271246188,21.51,2025-10-31,21.11,1,-0.018596001859600284,CLOSED,0,t1_close_exit,60
2025-10-30,600741,华域汽车,4,78.87325652475528,20.65,2025-10-31,20.42,1,-0.011138014527844886,CLOSED,0,t1_close_exit,60
2025-10-30,603799,华友钴业,5,77.7480397653883,65.49,2025-10-31,64.81,1,-0.010383264620552644,CLOSED,0,t1_close_exit,60
2025-10-31,601888,中国中免,1,82.7977216950903,75.83053164,2025-11-03,76.42864284,1,0.007887472065202985,CLOSED,0,t1_close_exit,60
2025-10-31,002612,朗姿股份,2,82.38909799351492,19.68,2025-11-03,20.24,1,0.028455284552845465,CLOSED,0,t1_close_exit,60
2025-10-31,603039,泛微网络,3,81.91390850080234,57.09,2025-11-03,57.51,1,0.007356805044666221,CLOSED,0,t1_close_exit,60
2025-10-31,600835,上海机电,4,81.17969879903472,27.1,2025-11-03,26.287,1,-0.030000000000000086,CLOSED,1,t1_intraday_stop_loss,60
2025-10-31,002847,盐津铺子,5,80.18417249653018,72.93289808,2025-11-03,73.97678498,1,0.014312977099236695,CLOSED,0,t1_close_exit,60
2025-11-03,001335,信凯科技,1,82.05335968379451,40.41,2025-11-04,39.1977,1,-0.029999999999999978,CLOSED,1,t1_intraday_stop_loss,60
2025-11-03,002317,众生药业,2,81.41831105087181,20.19,2025-11-04,19.5843,1,-0.030000000000000113,CLOSED,1,t1_intraday_stop_loss,60
2025-11-03,603666,亿嘉和,3,80.07142857142851,32.7,2025-11-04,32.98,1,0.008562691131498287,CLOSED,0,t1_close_exit,60
2025-11-03,600992,贵绳股份,4,78.09500928377823,15.04,2025-11-04,14.84,1,-0.013297872340425485,CLOSED,0,t1_close_exit,60
2025-11-03,000710,贝瑞基因,5,76.62016502538859,13.89,2025-11-04,13.4733,1,-0.030000000000000037,CLOSED,1,t1_intraday_stop_loss,60
2025-11-06,603395,红四方,1,83.99393047021658,35.73,2025-11-07,35.25,1,-0.013434089000839543,CLOSED,0,t1_close_exit,60
2025-11-06,001311,多利科技,2,81.37929917186938,25.22,2025-11-07,25.59,1,0.014670896114195123,CLOSED,0,t1_close_exit,60
2025-11-06,603948,建业股份,3,80.69670441961819,27.52,2025-11-07,28.2,1,0.024709302325581384,CLOSED,0,t1_close_exit,60
2025-11-06,002861,瀛通通讯,4,77.4685180407862,21.15,2025-11-07,20.5155,1,-0.029999999999999964,CLOSED,1,t1_intraday_stop_loss,60
2025-11-06,001360,南矿集团,5,77.28313841158628,16.45,2025-11-07,16.5,1,0.0030395136778115935,CLOSED,0,t1_close_exit,60
2025-11-07,600309,万华化学,1,84.14181523500815,65.27,2025-11-10,67.86,1,0.039681323732189425,CLOSED,0,t1_close_exit,60
2025-11-07,002544,普天科技,2,78.89581417004011,27.43,2025-11-10,27.42,1,-0.0003645643456069271,CLOSED,0,t1_close_exit,60
2025-11-07,000999,华润三九,3,78.06235303107138,29.87,2025-11-10,30.25,1,0.0127217944425845,CLOSED,0,t1_close_exit,60
2025-11-07,600438,通威股份,4,78.0451432332902,26.65,2025-11-10,27.16,1,0.019136960600375293,CLOSED,0,t1_close_exit,60
2025-11-07,001300,三柏硕,5,77.35834983815158,16.53,2025-11-10,16.92,1,0.02359346642468243,CLOSED,0,t1_close_exit,60
2025-11-10,600779,水井坊,1,83.54656545073513,43.36,2025-11-11,42.87,1,-0.01130073800738012,CLOSED,0,t1_close_exit,60
2025-11-10,600809,山西汾酒,2,82.43532870122924,198.99,2025-11-11,199.56,1,0.002864465551032681,CLOSED,0,t1_close_exit,60
2025-11-10,000963,华东医药,3,82.08237695047688,42.47,2025-11-11,42.6,1,0.0030609842241582897,CLOSED,0,t1_close_exit,60
2025-11-10,603948,建业股份,4,81.766837919941,29.72,2025-11-11,28.8284,1,-0.030000000000000013,CLOSED,1,t1_intraday_stop_loss,60
2025-11-10,001339,智微智能,5,81.38887339832688,57.15,2025-11-11,55.96,1,-0.020822397200349917,CLOSED,0,t1_close_exit,60
2025-11-11,605086,龙高股份,1,85.0,27.21,2025-11-12,27.8,1,0.02168320470415288,CLOSED,0,t1_close_exit,60
2025-11-11,603790,雅运股份,2,81.80155642023347,21.91,2025-11-12,22.41,1,0.022820629849383843,CLOSED,0,t1_close_exit,60
2025-11-11,603355,莱克电气,3,80.97192264782447,28.73,2025-11-12,28.09,1,-0.022276366167768902,CLOSED,0,t1_close_exit,60
2025-11-11,603063,禾望电气,4,80.2945081633994,32.21,2025-11-12,31.2437,1,-0.03000000000000001,CLOSED,1,t1_intraday_stop_loss,60
2025-11-11,000935,四川双马,5,78.11942363062637,21.37,2025-11-12,20.7289,1,-0.030000000000000072,CLOSED,1,t1_intraday_stop_loss,60
2025-11-12,001238,浙江正特,1,84.45114656031903,53.0,2025-11-13,53.1,1,0.0018867924528302156,CLOSED,0,t1_close_exit,60
2025-11-12,001229,魅视科技,2,80.9171634134029,38.67,2025-11-13,37.5099,1,-0.029999999999999995,CLOSED,1,t1_intraday_stop_loss,60
2025-11-12,601336,新华保险,3,77.09335859060371,68.78603376,2025-11-13,68.68703256,1,-0.0014392630972940308,CLOSED,0,t1_close_exit,60
2025-11-12,000989,九芝堂,4,75.43929804013207,10.53,2025-11-13,10.214099999999998,1,-0.030000000000000093,CLOSED,1,t1_intraday_stop_loss,60
2025-11-12,000852,石化机械,5,74.6840385252519,7.5,2025-11-13,7.2749999999999995,1,-0.030000000000000072,CLOSED,1,t1_intraday_stop_loss,60
2025-11-13,002294,信立泰,1,78.64622116138423,62.26,2025-11-14,61.98,1,-0.004497269514937378,CLOSED,0,t1_close_exit,60
2025-11-13,000408,藏格矿业,2,77.59453327054379,59.1731686,2025-11-14,59.35009834,1,0.002990033222591457,CLOSED,0,t1_close_exit,60
2025-11-13,000049,德赛电池,3,77.28237380597804,29.45,2025-11-14,28.566499999999998,1,-0.03000000000000005,CLOSED,1,t1_intraday_stop_loss,60
2025-11-13,603338,浙江鼎力,4,76.32933920028846,54.57,2025-11-14,53.92,1,-0.011911306578706224,CLOSED,0,t1_close_exit,60
2025-11-13,002866,传艺科技,5,76.03375251342393,20.18213582,2025-11-14,19.62346078,1,-0.027681660899654015,CLOSED,0,t1_close_exit,60
2025-12-05,603062,麦加芯彩,1,85.0,46.39,2025-12-08,45.89,1,-0.010778184953653805,CLOSED,0,t1_close_exit,60
2025-12-05,002338,奥普光电,2,84.57516795519399,52.26,2025-12-08,53.36,1,0.021048603138155406,CLOSED,0,t1_close_exit,60
2025-12-05,601318,中国平安,3,83.87403928266436,61.99,2025-12-08,63.4,1,0.022745604129698282,CLOSED,0,t1_close_exit,60
2025-12-05,603109,神驰机电,4,83.11438820087892,26.29,2025-12-08,27.09,1,0.030429821224800334,CLOSED,0,t1_close_exit,60
2025-12-05,603992,松霖科技,5,81.00170069558536,30.0,2025-12-08,30.92,1,0.030666666666666724,CLOSED,0,t1_close_exit,60
2025-12-08,603297,永新光学,1,83.88368293888163,102.13,2025-12-09,99.91,1,-0.021737001860374024,CLOSED,0,t1_close_exit,60
2025-12-08,603396,金辰股份,2,80.48030000369718,35.56,2025-12-09,34.9,1,-0.018560179977502915,CLOSED,0,t1_close_exit,60
2025-12-08,605376,博迁新材,3,79.42886493059615,51.68,2025-12-09,53.95,1,0.04392414860681121,CLOSED,0,t1_close_exit,60
2025-12-08,002882,金龙羽,4,77.47962757961736,31.59,2025-12-09,31.5,1,-0.0028490028490028444,CLOSED,0,t1_close_exit,60
2025-12-08,600498,烽火通信,5,76.94623421854591,24.85,2025-12-09,24.63,1,-0.008853118712273738,CLOSED,0,t1_close_exit,60
2025-12-09,603124,江南新材,1,85.0,76.23,2025-12-10,73.9431,1,-0.030000000000000037,CLOSED,1,t1_intraday_stop_loss,60
2025-12-09,603127,昭衍新药,2,80.15570253843401,29.96,2025-12-10,29.0612,1,-0.030000000000000044,CLOSED,1,t1_intraday_stop_loss,60
2025-12-09,002463,沪电股份,3,78.29634773466077,73.50770525,2025-12-10,71.30247409249999,1,-0.03000000000000012,CLOSED,1,t1_intraday_stop_loss,60
2025-12-09,600184,光电股份,4,78.19688049541367,19.22,2025-12-10,21.14,1,0.09989594172736742,CLOSED,0,t1_close_exit,60
2025-12-09,002837,英维克,5,77.92320319569743,78.64,2025-12-10,76.2808,1,-0.030000000000000016,CLOSED,1,t1_intraday_stop_loss,60
2025-12-10,000526,学大教育,1,84.74676743436723,39.91,2025-12-11,38.7127,1,-0.029999999999999964,CLOSED,1,t1_intraday_stop_loss,60
2025-12-10,603629,利通电子,2,83.87934904601569,28.3,2025-12-11,27.54,1,-0.026855123674911715,CLOSED,0,t1_close_exit,60
2025-12-10,600113,浙江东日,3,83.12521837340583,57.34920204,2025-12-11,56.26224968,1,-0.018953225525995567,CLOSED,0,t1_close_exit,60
2025-12-10,603501,豪威集团,4,81.84022095286988,123.7,2025-12-11,121.77,1,-0.01560226354082463,CLOSED,0,t1_close_exit,60
2025-12-10,601888,中国中免,5,80.04825346712403,82.56925116,2025-12-11,80.09217362519999,1,-0.030000000000000037,CLOSED,1,t1_intraday_stop_loss,60
2025-12-12,002920,德赛西威,1,84.4980703049312,112.16808478,2025-12-15,109.87551182,1,-0.02043872786538632,CLOSED,0,t1_close_exit,60
2025-12-12,002912,中新赛克,2,83.06608077764622,30.17,2025-12-15,29.2649,1,-0.030000000000000027,CLOSED,1,t1_intraday_stop_loss,60
2025-12-12,603501,豪威集团,3,81.0563689747919,126.52,2025-12-15,124.33,1,-0.01730951628201073,CLOSED,0,t1_close_exit,60
2025-12-12,000777,中核科技,4,80.75685281527117,21.82,2025-12-15,21.35,1,-0.021539871677360167,CLOSED,0,t1_close_exit,60
2025-12-12,001332,锡装股份,5,80.45663084607986,52.75,2025-12-15,52.28,1,-0.00890995260663505,CLOSED,0,t1_close_exit,60
2025-12-15,600562,国睿科技,1,83.2148765893057,28.1955447,2025-12-16,27.349678359,1,-0.030000000000000027,CLOSED,1,t1_intraday_stop_loss,60
2025-12-15,002827,高争民爆,2,82.38689232561558,36.39,2025-12-16,35.72,1,-0.018411651552624395,CLOSED,0,t1_close_exit,60
2025-12-15,001328,登康口腔,3,78.25021558936999,38.52,2025-12-16,38.16,1,-0.009345794392523534,CLOSED,0,t1_close_exit,60
2025-12-15,605167,利柏特,4,77.27835893174117,11.32,2025-12-16,10.9804,1,-0.03000000000000007,CLOSED,1,t1_intraday_stop_loss,60
2025-12-15,600882,妙可蓝多,5,76.2859661832454,27.6,2025-12-16,26.91,1,-0.025000000000000046,CLOSED,0,t1_close_exit,60
2025-12-17,600309,万华化学,1,82.64733448072714,74.22,2025-12-18,75.54,1,0.017784963621665418,CLOSED,0,t1_close_exit,60
2025-12-17,603199,九华旅游,2,82.09993558487966,37.03,2025-12-18,37.11,1,0.002160410477990772,CLOSED,0,t1_close_exit,60
2025-12-17,603057,紫燕食品,3,80.68221518505342,18.97,2025-12-18,18.85,1,-0.006325777543489586,CLOSED,0,t1_close_exit,60
2025-12-17,600699,均胜电子,4,78.64447243555895,28.5,2025-12-18,27.645,1,-0.030000000000000016,CLOSED,1,t1_intraday_stop_loss,60
2025-12-17,002920,德赛西威,5,78.49520874324494,117.8896354,2025-12-18,115.49824464,1,-0.020284995808885226,CLOSED,0,t1_close_exit,60
2025-12-18,002859,洁美科技,1,83.0304347826087,30.52,2025-12-19,29.6044,1,-0.030000000000000044,CLOSED,1,t1_intraday_stop_loss,60
2025-12-18,603063,禾望电气,2,82.7334345607595,32.18,2025-12-19,33.35,1,0.03635798632691118,CLOSED,0,t1_close_exit,60
2025-12-18,600486,扬农化工,3,81.15817319375631,67.48,2025-12-19,69.8,1,0.034380557202133864,CLOSED,0,t1_close_exit,60
2025-12-18,600487,亨通光电,4,81.0828576463973,22.6,2025-12-19,23.76,1,0.05132743362831859,CLOSED,0,t1_close_exit,60
2025-12-18,002549,凯美特气,5,77.76830894162507,21.77,2025-12-19,21.09,1,-0.03123564538355534,CLOSED,1,t1_open_below_stop_limit,60
2025-12-19,603150,万朗磁塑,1,83.71837360527465,38.28,2025-12-22,40.0,1,0.044932079414838004,CLOSED,0,t1_close_exit,60
2025-12-19,600456,宝钛股份,2,82.94300110504449,36.21,2025-12-22,35.6,1,-0.016846175089754195,CLOSED,0,t1_close_exit,60
2025-12-19,001285,瑞立科密,3,82.0309500846436,55.44,2025-12-22,56.88,1,0.025974025974026062,CLOSED,0,t1_close_exit,60
2025-12-19,603197,保隆科技,4,79.15109901779667,36.66,2025-12-22,36.93,1,0.007364975450081919,CLOSED,0,t1_close_exit,60
2025-12-19,600605,汇通能源,5,79.01605995717341,30.08259096,2025-12-22,29.33352246,1,-0.024900398406374497,CLOSED,0,t1_close_exit,60
2025-12-22,603150,万朗磁塑,1,83.2262884684865,40.0,2025-12-23,39.57,1,-0.010749999999999992,CLOSED,0,t1_close_exit,60
2025-12-22,603283,赛腾股份,2,82.28979317799427,43.68,2025-12-23,43.65,1,-0.0006868131868132129,CLOSED,0,t1_close_exit,60
2025-12-22,603606,东方电缆,3,79.79688973278948,62.5,2025-12-23,63.19,1,0.011039999999999963,CLOSED,0,t1_close_exit,60
2025-12-22,603061,金海通,4,78.6352170886668,98.0958,2025-12-23,97.517145,1,-0.005898876404494359,CLOSED,0,t1_close_exit,60
2025-12-22,002409,雅克科技,5,78.29582165718007,73.64,2025-12-23,73.74,1,0.001357957631721813,CLOSED,0,t1_close_exit,60
2025-12-23,603861,白云电器,1,77.84283508926802,12.44,2025-12-24,12.37,1,-0.0056270096463022735,CLOSED,0,t1_close_exit,60
2025-12-23,603162,海通发展,2,77.49167283012284,12.952095,2025-12-24,12.56353215,1,-0.029999999999999968,CLOSED,1,t1_intraday_stop_loss,60
2025-12-23,000151,中成股份,3,77.15127825533537,12.62,2025-12-24,12.241399999999999,1,-0.03000000000000004,CLOSED,1,t1_intraday_stop_loss,60
2025-12-23,002371,北方华创,4,76.91542007574421,481.42,2025-12-24,481.1,1,-0.0006647002617257139,CLOSED,0,t1_close_exit,60
2025-12-23,000543,皖能电力,5,75.4185293628912,8.74,2025-12-24,8.71,1,-0.0034324942791761283,CLOSED,0,t1_close_exit,60
2025-12-24,001373,翔腾新材,1,84.1930074914899,30.26,2025-12-25,31.14,1,0.02908129543952409,CLOSED,0,t1_close_exit,60
2025-12-24,603267,鸿远电子,2,83.30240156228366,51.68,2025-12-25,51.78,1,0.0019349845201238666,CLOSED,0,t1_close_exit,60
2025-12-24,002885,京泉华,3,79.93225014892693,28.45,2025-12-25,27.5965,1,-0.030000000000000013,CLOSED,1,t1_intraday_stop_loss,60
2025-12-24,002938,鹏鼎控股,4,78.87303531511671,52.87,2025-12-25,51.93,1,-0.017779459050501187,CLOSED,0,t1_close_exit,60
2025-12-24,002655,共达电声,5,78.03346683543748,12.82,2025-12-25,12.86,1,0.003120124804992133,CLOSED,0,t1_close_exit,60
2025-12-25,605488,福莱新材,1,85.0,32.94,2025-12-26,32.2,1,-0.022465088038858376,CLOSED,0,t1_close_exit,60
2025-12-25,001306,夏厦精密,2,84.57942208608983,84.19,2025-12-26,83.39,1,-0.009502316189571175,CLOSED,0,t1_close_exit,60
2025-12-25,605133,嵘泰股份,3,82.4378517325588,33.18,2025-12-26,32.53,1,-0.019590114526823344,CLOSED,0,t1_close_exit,60
2025-12-25,603895,天永智能,4,81.64752298820692,29.3,2025-12-26,29.89,1,0.020136518771331054,CLOSED,0,t1_close_exit,60
2025-12-25,302132,中航成飞,5,81.46370606218797,78.65,2025-12-26,77.96,1,-0.008773045136681652,CLOSED,0,t1_close_exit,60
2025-12-26,002594,比亚迪,1,85.0,100.01,2025-12-29,100.21,1,0.0019998000199978865,CLOSED,0,t1_close_exit,60
2025-12-26,001388,信通电子,2,80.71655417308311,44.25,2025-12-29,43.51,1,-0.016723163841807956,CLOSED,0,t1_close_exit,60
2025-12-26,002402,和而泰,3,80.59643322714686,40.38,2025-12-29,39.72,1,-0.0163447251114414,CLOSED,0,t1_close_exit,60
2025-12-26,603305,旭升集团,4,79.2237723867759,16.31,2025-12-29,16.32,1,0.0006131207847947005,CLOSED,0,t1_close_exit,60
2025-12-26,002248,华东数控,5,77.11900228492277,11.68,2025-12-29,11.5,1,-0.015410958904109566,CLOSED,0,t1_close_exit,60
2025-12-29,002988,豪美新材,1,81.13232003169284,38.16,2025-12-30,37.74,1,-0.01100628930817596,CLOSED,0,t1_close_exit,60
2025-12-29,600629,华建集团,2,80.63609231072229,20.3,2025-12-30,19.691,1,-0.030000000000000086,CLOSED,1,t1_intraday_stop_loss,60
2025-12-29,603607,京华激光,3,80.10577322406347,27.14,2025-12-30,27.59,1,0.016580692704495182,CLOSED,0,t1_close_exit,60
2025-12-29,605488,福莱新材,4,79.78196700716678,33.8,2025-12-30,34.75,1,0.028106508875739733,CLOSED,0,t1_close_exit,60
2025-12-29,603038,华立股份,5,78.42215636531478,16.59,2025-12-30,16.27,1,-0.01928872814948766,CLOSED,0,t1_close_exit,60
2025-12-30,603039,泛微网络,1,85.0,51.83,2025-12-31,53.54,1,0.032992475400347304,CLOSED,0,t1_close_exit,60
2025-12-30,603418,友升股份,2,81.7493990596146,57.76,2025-12-31,60.5,1,0.04743767313019394,CLOSED,0,t1_close_exit,60
2025-12-30,603337,杰克科技,3,80.35929716352213,42.27,2025-12-31,43.33,1,0.025076886680861013,CLOSED,0,t1_close_exit,60
2025-12-30,000681,视觉中国,4,80.17107343605029,22.81,2025-12-31,23.81,1,0.04384042086804034,CLOSED,0,t1_close_exit,60
2025-12-30,603080,新疆火炬,5,78.65667739348498,24.09,2025-12-31,23.62,1,-0.019510170195101654,CLOSED,0,t1_close_exit,60
2025-12-31,603039,泛微网络,1,83.41532894809734,53.54,2026-01-05,57.2,1,0.06836010459469563,CLOSED,0,t1_close_exit,60
2025-12-31,001285,瑞立科密,2,80.74024575365155,58.31,2026-01-05,62.35,1,0.06928485679986278,CLOSED,0,t1_close_exit,60
2025-12-31,002230,科大讯飞,3,77.85224516364485,50.29,2026-01-05,53.84,1,0.07059057466693189,CLOSED,0,t1_close_exit,60
2025-12-31,603418,友升股份,4,77.81901609144697,60.5,2026-01-05,60.0,1,-0.008264462809917356,CLOSED,0,t1_close_exit,60
2025-12-31,002860,星帅尔,5,77.52941176008376,14.1,2026-01-05,13.677,1,-0.030000000000000002,CLOSED,1,t1_intraday_stop_loss,60
2026-01-05,603373,安邦护卫,1,85.0,39.88,2026-01-06,39.15,1,-0.018304914744232795,CLOSED,0,t1_close_exit,60
2026-01-05,603400,华之杰,2,85.0,54.27208593,2026-01-06,54.02435868,1,-0.004564542632828265,CLOSED,0,t1_close_exit,60
2026-01-05,600211,西藏药业,3,83.79101983472513,44.19,2026-01-06,44.19,1,0.0,CLOSED,0,t1_close_exit,60
2026-01-05,603713,密尔克卫,4,82.71640217498759,58.01,2026-01-06,60.59,1,0.04447509050163774,CLOSED,0,t1_close_exit,60
2026-01-05,603259,药明康德,5,81.89863666663759,94.57,2026-01-06,96.25,1,0.017764618800888303,CLOSED,0,t1_close_exit,60
2026-01-06,603260,合盛硅业,1,82.37812388522738,56.37,2026-01-07,57.04,1,0.011885754834131661,CLOSED,0,t1_close_exit,60
2026-01-06,601567,三星电气,2,81.63693931733837,24.68,2026-01-07,24.39,1,-0.011750405186385702,CLOSED,0,t1_close_exit,60
2026-01-06,601127,赛力斯,3,81.48231999211339,125.32,2026-01-07,128.35,1,0.024178104053622737,CLOSED,0,t1_close_exit,60
2026-01-06,603115,海星股份,4,81.2531415567413,20.76,2026-01-07,21.23,1,0.022639691714836166,CLOSED,0,t1_close_exit,60
2026-01-06,002906,华阳集团,5,81.06175951114977,32.10958413,2026-01-07,32.55240708,1,0.013790989886607418,CLOSED,0,t1_close_exit,60
2026-01-07,605588,冠石科技,1,83.61832514971303,53.42,2026-01-08,55.9,1,0.046424560089853927,CLOSED,0,t1_close_exit,60
2026-01-07,603283,赛腾股份,2,80.18736905629001,47.3,2026-01-08,45.21,1,-0.04418604651162783,CLOSED,1,t1_open_below_stop_limit,60
2026-01-07,600259,中稀有色,3,78.89870226472598,62.23120695,2026-01-08,60.3642707415,1,-0.030000000000000006,CLOSED,1,t1_intraday_stop_loss,60
2026-01-07,603281,江瀚新材,4,78.79779617629265,29.5,2026-01-08,28.84,1,-0.022372881355932208,CLOSED,0,t1_close_exit,60
2026-01-07,002970,锐明技术,5,78.05291779782206,54.32822934,2026-01-08,53.83235284,1,-0.009127418765973009,CLOSED,0,t1_close_exit,60
2026-01-08,605198,安德利,1,83.51527445843394,39.91,2026-01-09,39.33,1,-0.014532698571786478,CLOSED,0,t1_close_exit,60
2026-01-08,605588,冠石科技,2,80.41382626108685,55.9,2026-01-09,55.44,1,-0.008228980322003593,CLOSED,0,t1_close_exit,60
2026-01-08,001324,长青科技,3,78.24008576024828,19.42,2026-01-09,18.837400000000002,1,-0.029999999999999964,CLOSED,1,t1_intraday_stop_loss,60
2026-01-08,600850,电科数字,4,77.67402113052734,31.54,2026-01-09,32.77,1,0.038998097653773114,CLOSED,0,t1_close_exit,60
2026-01-08,603345,安井食品,5,76.82039635497821,84.81,2026-01-09,86.15,1,0.01580002358212479,CLOSED,0,t1_close_exit,60
2026-01-09,601606,长城军工,1,79.71050936516782,51.97,2026-01-12,50.4109,1,-0.030000000000000016,CLOSED,1,t1_intraday_stop_loss,60
2026-01-09,600850,电科数字,2,79.53099673620481,32.77,2026-01-12,35.38,1,0.07964601769911502,CLOSED,0,t1_close_exit,60
2026-01-09,605286,同力天启,3,79.17865019481921,42.71,2026-01-12,43.11,1,0.009365488176071144,CLOSED,0,t1_close_exit,60
2026-01-09,003019,宸展光电,4,76.52375007730964,35.21,2026-01-12,35.03,1,-0.005112184038625382,CLOSED,0,t1_close_exit,60
2026-01-09,603991,至正股份,5,75.96651539829128,77.6909091,2026-01-12,75.8911197,1,-0.023166023166023095,CLOSED,0,t1_close_exit,60
2026-01-12,002296,辉煌科技,1,80.047791760802,13.11,2026-01-13,12.7167,1,-0.03,CLOSED,1,t1_intraday_stop_loss,60
2026-01-12,600060,海信视像,2,80.03078590447637,25.35,2026-01-13,24.5895,1,-0.030000000000000013,CLOSED,1,t1_intraday_stop_loss,60
2026-01-12,603150,万朗磁塑,3,79.95574453721972,42.39,2026-01-13,44.0,1,0.0379806558150507,CLOSED,0,t1_close_exit,60
2026-01-12,001226,拓山重工,4,78.97516568611628,47.9,2026-01-13,46.76,1,-0.023799582463465564,CLOSED,0,t1_close_exit,60
2026-01-12,002415,海康威视,5,78.7562639336754,31.64,2026-01-13,30.87,1,-0.024336283185840694,CLOSED,0,t1_close_exit,60
2026-01-13,002597,金禾实业,1,77.708860184287,21.91,2026-01-14,21.58,1,-0.01506161570059342,CLOSED,0,t1_close_exit,60
2026-01-13,603190,亚通精工,2,77.13875363887186,28.43,2026-01-14,28.18,1,-0.008793527963418923,CLOSED,0,t1_close_exit,60
2026-01-13,002460,赣锋锂业,3,76.59149481850568,70.8,2026-01-14,68.676,1,-0.029999999999999933,CLOSED,1,t1_intraday_stop_loss,60
2026-01-13,603530,神马电力,4,76.11711172163876,45.08,2026-01-14,46.02,1,0.020851818988465057,CLOSED,0,t1_close_exit,60
2026-01-13,002907,华森制药,5,75.84411878977572,15.91,2026-01-14,15.65,1,-0.01634192331866749,CLOSED,0,t1_close_exit,60
2026-01-14,600570,恒生电子,1,79.12337452687751,35.13,2026-01-15,34.076100000000004,1,-0.02999999999999996,CLOSED,1,t1_intraday_stop_loss,60
2026-01-14,000586,汇源通信,2,76.6434791286035,13.93,2026-01-15,13.84,1,-0.006460875807609466,CLOSED,0,t1_close_exit,60
2026-01-14,603255,鼎际得,3,76.46157122234169,31.26,2026-01-15,30.64,1,-0.01983365323096612,CLOSED,0,t1_close_exit,60
2026-01-14,600714,金瑞矿业,4,75.13899110554625,14.12,2026-01-15,14.2,1,0.005665722379603405,CLOSED,0,t1_close_exit,60
2026-01-14,603619,中曼石油,5,75.10759348420801,26.41,2026-01-15,25.6177,1,-0.030000000000000034,CLOSED,1,t1_intraday_stop_loss,60
2026-01-15,603896,寿仙谷,1,78.72485521036288,21.98,2026-01-16,21.66,1,-0.0145586897179254,CLOSED,0,t1_close_exit,60
2026-01-15,603163,圣晖集成,2,77.83483277137495,82.86,2026-01-16,91.15,1,0.10004827419744154,CLOSED,0,t1_close_exit,60
2026-01-15,605008,长鸿高科,3,76.28465049142994,14.98,2026-01-16,14.86,1,-0.008010680907877236,CLOSED,0,t1_close_exit,60
2026-01-15,603087,甘李药业,4,75.5100476502682,72.55,2026-01-16,71.82,1,-0.010062026188835341,CLOSED,0,t1_close_exit,60
2026-01-15,002427,尤夫股份,5,74.05750770260622,7.68,2026-01-16,7.24,1,-0.0572916666666666,CLOSED,1,t1_open_below_stop_limit,60
2026-01-16,603991,至正股份,1,81.6514020286954,80.4905815,2026-01-19,78.075864055,1,-0.030000000000000096,CLOSED,1,t1_intraday_stop_loss,60
2026-01-16,603194,中力股份,2,80.61976653931876,41.59,2026-01-19,40.3423,1,-0.03000000000000004,CLOSED,1,t1_intraday_stop_loss,60
2026-01-16,603005,晶方科技,3,78.18210668108213,30.57,2026-01-19,30.96,1,0.012757605495583925,CLOSED,0,t1_close_exit,60
2026-01-16,603897,长城科技,4,78.03865188421875,28.23,2026-01-19,29.06,1,0.029401346085724346,CLOSED,0,t1_close_exit,60
2026-01-16,605183,确成股份,5,77.96218108947812,21.36,2026-01-19,21.22,1,-0.006554307116104895,CLOSED,0,t1_close_exit,60
2026-01-19,601163,三角轮胎,1,83.03642684865143,16.36,2026-01-20,15.81,1,-0.0336185819070904,CLOSED,1,t1_open_below_stop_limit,60
2026-01-19,603202,天有为,2,80.56937912306121,95.25,2026-01-20,94.34,1,-0.00955380577427818,CLOSED,0,t1_close_exit,60
2026-01-19,603657,春光科技,3,79.82260744709129,31.97,2026-01-20,31.0109,1,-0.02999999999999998,CLOSED,1,t1_intraday_stop_loss,60
2026-01-19,003021,兆威机电,4,79.42541845478807,132.6,2026-01-20,129.75,1,-0.021493212669683216,CLOSED,0,t1_close_exit,60
2026-01-19,603867,新化股份,5,79.32138858685184,29.1,2026-01-20,28.76,1,-0.011683848797250854,CLOSED,0,t1_close_exit,60
2026-01-20,002985,北摩高科,1,83.82308201169705,38.7464472,2026-01-21,37.584053784,1,-0.030000000000000013,CLOSED,1,t1_intraday_stop_loss,60
2026-01-20,001358,兴欣新材,2,81.42882224041858,27.81975028,2026-01-21,27.87923656,1,0.0021382751247326437,CLOSED,0,t1_close_exit,60
2026-01-20,603713,密尔克卫,3,81.31510280005199,64.44,2026-01-21,65.47,1,0.015983860955928013,CLOSED,0,t1_close_exit,60
2026-01-20,002304,洋河股份,4,80.97817571241852,64.19,2026-01-21,63.18,1,-0.015734538090045148,CLOSED,0,t1_close_exit,60
2026-01-20,603286,日盈电子,5,80.44574213375898,81.81,2026-01-21,81.4,1,-0.005011612272338303,CLOSED,1,t1_open_below_stop_limit,60
2026-01-21,600391,航发科技,1,83.54297094477123,48.51,2026-01-22,53.36,1,0.09997938569367144,CLOSED,0,t1_close_exit,60
2026-01-21,001238,浙江正特,2,80.60584294109236,56.22,2026-01-22,56.4,1,0.003201707577374595,CLOSED,0,t1_close_exit,60
2026-01-21,605507,国邦医药,3,79.88809299132205,26.96,2026-01-22,26.66,1,-0.011127596439169166,CLOSED,0,t1_close_exit,60
2026-01-21,002415,海康威视,4,79.49834313260524,32.6,2026-01-22,32.09,1,-0.01564417177914104,CLOSED,0,t1_close_exit,60
2026-01-21,603019,中科曙光,5,78.79189165272648,98.15023724,2026-01-22,96.8712766,1,-0.01303064236994802,CLOSED,0,t1_close_exit,60
2026-01-22,603393,新天然气,1,79.59632650950692,29.95,2026-01-23,29.43,1,-0.017362270450751238,CLOSED,0,t1_close_exit,60
2026-01-22,001386,马可波罗,2,79.07404337574496,24.6,2026-01-23,24.19,1,-0.01666666666666667,CLOSED,0,t1_close_exit,60
2026-01-22,002989,中天精装,3,78.94996380374734,33.18,2026-01-23,32.8,1,-0.011452682338758366,CLOSED,0,t1_close_exit,60
2026-01-22,603255,鼎际得,4,78.90821133420891,32.55,2026-01-23,33.17,1,0.019047619047619188,CLOSED,0,t1_close_exit,60
2026-01-22,603685,晨丰科技,5,77.49516529869011,19.75,2026-01-23,19.78,1,0.0015189873417722096,CLOSED,0,t1_close_exit,60
2026-01-29,603195,公牛集团,1,82.29538267117216,43.55,2026-01-30,42.2435,1,-0.029999999999999995,CLOSED,1,t1_intraday_stop_loss,60
2026-01-29,000869,张  裕Ａ,2,76.79647207563576,21.9,2026-01-30,21.243,1,-0.030000000000000002,CLOSED,1,t1_intraday_stop_loss,60
2026-01-29,603196,璞源材料,3,76.49710456344867,28.68,2026-01-30,27.819599999999998,1,-0.030000000000000072,CLOSED,1,t1_intraday_stop_loss,60
2026-01-29,600663,陆家嘴,4,74.58356525701986,8.55,2026-01-30,8.2935,1,-0.030000000000000096,CLOSED,1,t1_intraday_stop_loss,60
2026-01-29,000402,金 融 街,5,73.17534599844836,2.92,2026-01-30,2.8324,1,-0.030000000000000044,CLOSED,1,t1_intraday_stop_loss,60
2026-02-09,603004,鼎龙科技,1,79.81604695342895,24.93,2026-02-10,24.88,1,-0.0020056157240273048,CLOSED,0,t1_close_exit,60
2026-02-09,600444,国机通用,2,79.72741431621535,19.27,2026-02-10,19.3,1,0.0015568240788791457,CLOSED,0,t1_close_exit,60
2026-02-09,603790,雅运股份,3,79.44698112056075,22.23,2026-02-10,23.18,1,0.0427350427350427,CLOSED,0,t1_close_exit,60
2026-02-09,001225,和泰机电,4,79.27707900308171,78.38,2026-02-10,79.3,1,0.011737688185761696,CLOSED,0,t1_close_exit,60
2026-02-09,002158,汉钟精机,5,79.2595742953647,26.44,2026-02-10,26.63,1,0.007186081694402335,CLOSED,0,t1_close_exit,60
2026-02-10,002605,姚记科技,1,85.0,27.49,2026-02-11,26.87,1,-0.022553655874863496,CLOSED,0,t1_close_exit,60
2026-02-10,002876,三利谱,2,83.47110143418847,27.86,2026-02-11,28.31,1,0.016152189519023665,CLOSED,0,t1_close_exit,60
2026-02-10,605555,德昌股份,3,81.74241738485324,19.2,2026-02-11,18.624,1,-0.030000000000000027,CLOSED,1,t1_intraday_stop_loss,60
2026-02-10,601858,中国科传,4,80.9462719591051,22.07,2026-02-11,21.407899999999998,1,-0.030000000000000106,CLOSED,1,t1_intraday_stop_loss,60
2026-02-10,603499,翔港科技,5,79.63132135987377,24.09,2026-02-11,23.7,1,-0.016189290161892925,CLOSED,0,t1_close_exit,60
2026-02-11,600418,江淮汽车,1,85.0,56.7,2026-02-12,57.96,1,0.022222222222222185,CLOSED,0,t1_close_exit,60
2026-02-11,002882,金龙羽,2,82.68399241731267,32.55,2026-02-12,31.573499999999996,1,-0.030000000000000047,CLOSED,1,t1_intraday_stop_loss,60
2026-02-11,002886,沃特股份,3,81.80797017356578,24.43,2026-02-12,24.45,1,0.000818665575112549,CLOSED,0,t1_close_exit,60
2026-02-11,002859,洁美科技,4,78.62916100413642,41.02,2026-02-12,41.15,1,0.0031691857630423074,CLOSED,0,t1_close_exit,60
2026-02-11,600111,北方稀土,5,78.33579112975998,56.31,2026-02-12,57.4,1,0.019357130172260633,CLOSED,0,t1_close_exit,60
2026-02-12,002290,禾盛新材,1,83.98854451028588,61.31,2026-02-13,61.0,1,-0.005056271407600755,CLOSED,0,t1_close_exit,60
2026-02-12,603192,汇得科技,2,82.595442204615,27.75,2026-02-13,26.9175,1,-0.029999999999999985,CLOSED,1,t1_intraday_stop_loss,60
2026-02-12,603109,神驰机电,3,81.21708121035695,27.01,2026-02-13,26.63,1,-0.01406886338393197,CLOSED,0,t1_close_exit,60
2026-02-12,002927,泰永长征,4,80.6134294976485,19.79,2026-02-13,19.71,1,-0.0040424456796360935,CLOSED,0,t1_close_exit,60
2026-02-12,001306,夏厦精密,5,79.57842980539735,83.47,2026-02-13,85.2,1,0.020726009344674782,CLOSED,0,t1_close_exit,60
2026-02-24,603175,超颖电子,1,85.0,70.48,2026-02-25,72.99,1,0.03561293984108954,CLOSED,0,t1_close_exit,60
2026-02-24,605099,共创草坪,2,85.0,43.26,2026-02-25,44.21,1,0.021960240406842416,CLOSED,0,t1_close_exit,60
2026-02-24,603722,阿科力,3,84.30601659751036,40.77,2026-02-25,40.0,1,-0.018886436104979226,CLOSED,0,t1_close_exit,60
2026-02-24,002487,大金重工,4,81.10136385963742,65.25611177,2026-02-25,66.28494684,1,0.015766110515842636,CLOSED,0,t1_close_exit,60
2026-02-24,603657,春光科技,5,80.49522394339455,30.05,2026-02-25,29.67,1,-0.012645590682196306,CLOSED,0,t1_close_exit,60
2026-02-25,603260,合盛硅业,1,85.0,52.57,2026-02-26,51.2,1,-0.02606049077420577,CLOSED,0,t1_close_exit,60
2026-02-25,603026,石大胜华,2,82.17796610169495,69.08,2026-02-26,67.0076,1,-0.030000000000000027,CLOSED,1,t1_intraday_stop_loss,60
2026-02-25,605068,明新旭腾,3,79.43123823820474,28.85,2026-02-26,28.1,1,-0.025996533795493933,CLOSED,0,t1_close_exit,60
2026-02-25,600585,海螺水泥,4,78.81619099972045,26.38,2026-02-26,25.5886,1,-0.029999999999999978,CLOSED,1,t1_intraday_stop_loss,60
2026-02-25,002733,雄韬股份,5,78.73319335553177,21.38,2026-02-26,22.0,1,0.028999064546305006,CLOSED,0,t1_close_exit,60
2026-02-26,603092,德力佳,1,84.28818600857996,71.58,2026-02-27,70.6,1,-0.013690975132718693,CLOSED,0,t1_close_exit,60
2026-02-26,603489,八方股份,2,84.16568002404448,31.06,2026-02-27,31.35,1,0.009336767546683925,CLOSED,0,t1_close_exit,60
2026-02-26,605077,华康股份,3,78.55316440208915,17.17,2026-02-27,16.6549,1,-0.030000000000000016,CLOSED,1,t1_intraday_stop_loss,60
2026-02-26,605003,众望布艺,4,78.19251463582293,35.6,2026-02-27,35.1,1,-0.014044943820224719,CLOSED,0,t1_close_exit,60
2026-02-26,002938,鹏鼎控股,5,78.15484903698531,61.97,2026-02-27,60.110899999999994,1,-0.030000000000000082,CLOSED,1,t1_intraday_stop_loss,60
2026-02-27,002881,美格智能,1,85.0,49.18,2026-03-02,47.7046,1,-0.03000000000000001,CLOSED,1,t1_intraday_stop_loss,60
2026-02-27,001400,江顺科技,2,81.7487518591721,121.32,2026-03-02,133.45,1,0.09998351467194194,CLOSED,0,t1_close_exit,60
2026-02-27,600475,华光环能,3,80.50019340486688,22.23,2026-03-02,21.5631,1,-0.030000000000000082,CLOSED,1,t1_intraday_stop_loss,60
2026-02-27,600233,圆通速递,4,79.8386461741396,19.61,2026-03-02,19.28,1,-0.016828148903620516,CLOSED,0,t1_close_exit,60
2026-02-27,003007,直真科技,5,79.41251796865696,47.02,2026-03-02,46.3,1,-0.015312632922160908,CLOSED,0,t1_close_exit,60
2026-03-02,002151,北斗星通,1,85.0,45.65,2026-03-03,44.280499999999996,1,-0.030000000000000047,CLOSED,1,t1_intraday_stop_loss,60
2026-03-02,600760,中航沈飞,2,85.0,57.95,2026-03-03,56.2115,1,-0.030000000000000034,CLOSED,1,t1_intraday_stop_loss,60
2026-03-02,601088,中国神华,3,83.96568859441552,44.73,2026-03-03,45.81,1,0.024144869215291874,CLOSED,0,t1_close_exit,60
2026-03-02,603355,莱克电气,4,82.11368250547858,33.02,2026-03-03,32.0294,1,-0.030000000000000016,CLOSED,1,t1_intraday_stop_loss,60
2026-03-02,001331,胜通能源,5,81.75299741776419,57.8,2026-03-03,56.065999999999995,1,-0.030000000000000034,CLOSED,1,t1_intraday_stop_loss,60
2026-03-11,002396,星网锐捷,1,80.57785373237336,32.07,2026-03-12,32.22,1,0.004677268475210433,CLOSED,0,t1_close_exit,60
2026-03-11,002884,凌霄泵业,2,75.81294517109808,18.52,2026-03-12,18.45,1,-0.00377969762419008,CLOSED,0,t1_close_exit,60
2026-03-11,002202,金风科技,3,75.80259267996195,30.24,2026-03-12,29.3328,1,-0.02999999999999999,CLOSED,1,t1_intraday_stop_loss,60
2026-03-11,002328,新朋股份,4,75.21303138321655,7.33,2026-03-12,7.1101,1,-0.03,CLOSED,1,t1_intraday_stop_loss,60
2026-03-11,603301,振德医疗,5,74.9111882771689,96.15,2026-03-12,93.2655,1,-0.030000000000000027,CLOSED,1,t1_intraday_stop_loss,60
2026-03-12,000938,紫光股份,1,85.0,26.52,2026-03-13,25.7244,1,-0.030000000000000013,CLOSED,1,t1_intraday_stop_loss,60
2026-03-12,001226,拓山重工,2,83.86746399484412,47.45,2026-03-13,46.0265,1,-0.030000000000000086,CLOSED,1,t1_intraday_stop_loss,60
2026-03-12,605218,伟时电子,3,81.33096790351091,19.6,2026-03-13,19.012,1,-0.030000000000000047,CLOSED,1,t1_intraday_stop_loss,60
2026-03-12,601615,明阳智能,4,80.75749209359329,22.03,2026-03-13,22.15,1,0.005447117566954037,CLOSED,0,t1_close_exit,60
2026-03-12,603613,国联股份,5,80.5057361376673,27.98,2026-03-13,27.79,1,-0.006790564689063663,CLOSED,0,t1_close_exit,60
2026-04-08,603400,华之杰,1,84.47101449275361,70.0,2026-04-09,69.0,1,-0.014285714285714285,CLOSED,0,t1_close_exit,60
2026-04-08,601021,春秋航空,2,81.90644076236813,48.65,2026-04-09,47.1905,1,-0.029999999999999968,CLOSED,1,t1_intraday_stop_loss,60
2026-04-08,601318,中国平安,3,81.61707554753454,59.45,2026-04-09,58.74,1,-0.01194280908326326,CLOSED,0,t1_close_exit,60
2026-04-08,603156,养元饮品,4,81.57305133770589,31.93,2026-04-09,30.972099999999998,1,-0.03000000000000007,CLOSED,1,t1_intraday_stop_loss,60
2026-04-08,603298,杭叉集团,5,80.00473355928017,26.24,2026-04-09,25.6,1,-0.02439024390243891,CLOSED,0,t1_close_exit,60
2026-04-09,001282,三联锻造,1,84.76693227091636,21.2,2026-04-10,21.95,1,0.03537735849056604,CLOSED,0,t1_close_exit,60
2026-04-09,000534,万泽股份,2,84.7189168573608,41.53,2026-04-10,45.68,1,0.09992776306284609,CLOSED,0,t1_close_exit,60
2026-04-09,603698,航天工程,3,82.39212542276383,32.08,2026-04-10,31.97,1,-0.0034289276807979874,CLOSED,0,t1_close_exit,60
2026-04-09,603308,应流股份,4,75.27246009369453,68.7,2026-04-10,71.41,1,0.03944687045123717,CLOSED,0,t1_close_exit,60
2026-04-09,605167,利柏特,5,71.77121624924631,17.3,2026-04-10,17.39,1,0.005202312138728315,CLOSED,0,t1_close_exit,60
2026-04-10,002034,旺能环境,1,80.93641292988585,18.49,2026-04-13,18.8,1,0.016765819361817324,CLOSED,0,t1_close_exit,60
2026-04-10,600030,中信证券,2,79.25903351411094,25.9,2026-04-13,26.09,1,0.007335907335907385,CLOSED,0,t1_close_exit,60
2026-04-10,002104,恒宝股份,3,77.94470049699285,16.3,2026-04-13,15.811,1,-0.030000000000000047,CLOSED,1,t1_intraday_stop_loss,60
2026-04-10,601689,拓普集团,4,76.49527176273904,60.4,2026-04-13,59.49,1,-0.015066225165562858,CLOSED,0,t1_close_exit,60
2026-04-10,000776,广发证券,5,75.39139668696278,18.87,2026-04-13,19.37,1,0.02649708532061473,CLOSED,0,t1_close_exit,60
2026-04-13,001269,欧晶科技,1,85.0,23.83,2026-04-14,23.115099999999998,1,-0.030000000000000006,CLOSED,1,t1_intraday_stop_loss,60
2026-04-13,002190,成飞集成,2,83.63487434493683,32.66,2026-04-14,32.06,1,-0.018371096142069637,CLOSED,0,t1_close_exit,60
2026-04-13,600760,中航沈飞,3,83.27339901477832,51.68,2026-04-14,51.39,1,-0.005611455108359116,CLOSED,0,t1_close_exit,60
2026-04-13,603320,迪贝电气,4,81.87424126407137,21.42,2026-04-14,21.94,1,0.024276377217553668,CLOSED,0,t1_close_exit,60
2026-04-13,001231,农心科技,5,78.4414628121605,24.68,2026-04-14,25.48,1,0.032414910858995165,CLOSED,0,t1_close_exit,60
2026-04-14,600343,航天动力,1,78.90127324902019,33.97,2026-04-15,34.93,1,0.028260229614365643,CLOSED,0,t1_close_exit,60
2026-04-14,001229,魅视科技,2,78.19074897982938,36.62,2026-04-15,36.71,1,0.0024576734025123816,CLOSED,0,t1_close_exit,60
2026-04-14,003043,华亚智能,3,77.36070816908176,56.98,2026-04-15,55.270599999999995,1,-0.03000000000000004,CLOSED,1,t1_intraday_stop_loss,60
2026-04-14,603337,杰克科技,4,77.2603187527897,40.0,2026-04-15,39.65,1,-0.008750000000000036,CLOSED,0,t1_close_exit,60
2026-04-14,002867,周大生,5,76.53209969074334,12.37,2026-04-15,13.05,1,0.05497170573969293,CLOSED,0,t1_close_exit,60
2026-04-15,603097,江苏华辰,1,83.73859842618509,34.02,2026-04-16,32.9994,1,-0.030000000000000047,CLOSED,1,t1_intraday_stop_loss,60
2026-04-15,002149,西部材料,2,79.53743609450633,53.65,2026-04-16,53.64,1,-0.00018639328984152863,CLOSED,0,t1_close_exit,60
2026-04-15,002989,中天精装,3,78.5191959028162,27.13,2026-04-16,26.3161,1,-0.030000000000000013,CLOSED,1,t1_intraday_stop_loss,60
2026-04-15,600343,航天动力,4,78.10580241010877,34.93,2026-04-16,35.28,1,0.010020040080160362,CLOSED,0,t1_close_exit,60
2026-04-15,601799,星宇股份,5,76.21347823024222,129.15,2026-04-16,130.0,1,0.006581494386372391,CLOSED,0,t1_close_exit,60
2026-04-16,002703,浙江世宝,1,80.47655388753827,20.28,2026-04-17,20.16,1,-0.005917159763313658,CLOSED,0,t1_close_exit,60
2026-04-16,001280,中国铀业,2,79.30767067516756,83.17,2026-04-17,82.45,1,-0.008656967656606935,CLOSED,0,t1_close_exit,60
2026-04-16,002870,香山股份,3,78.35349631449014,37.26,2026-04-17,38.16,1,0.024154589371980638,CLOSED,0,t1_close_exit,60
2026-04-16,001223,欧克科技,4,77.1202305118074,55.66,2026-04-17,60.02,1,0.07833273445921679,CLOSED,0,t1_close_exit,60
2026-04-16,002633,申科股份,5,76.60448193936298,18.91,2026-04-17,18.92,1,0.0005288207297726897,CLOSED,0,t1_close_exit,60
2026-04-17,000997,新 大 陆,1,78.88063751120042,21.26,2026-04-20,21.49,1,0.010818438381937764,CLOSED,0,t1_close_exit,60
2026-04-17,001317,三羊马,2,77.2472520574957,49.93,2026-04-20,50.76,1,0.016623272581614227,CLOSED,0,t1_close_exit,60
2026-04-17,000819,岳阳兴长,3,76.32492502863542,15.73,2026-04-20,15.53,1,-0.012714558169103692,CLOSED,0,t1_close_exit,60
2026-04-17,002353,杰瑞股份,4,74.47669203728084,121.18,2026-04-20,117.5446,1,-0.030000000000000034,CLOSED,1,t1_intraday_stop_loss,60
2026-04-17,600776,东方通信,5,72.95148274681192,16.74,2026-04-20,16.79,1,0.0029868578255675456,CLOSED,0,t1_close_exit,60
2026-04-20,600391,航发科技,1,84.53967178585444,42.11,2026-04-21,40.8467,1,-0.030000000000000023,CLOSED,1,t1_intraday_stop_loss,60
2026-04-20,001332,锡装股份,2,79.68724027984314,57.88,2026-04-21,57.63,1,-0.004319281271596406,CLOSED,0,t1_close_exit,60
2026-04-20,002813,路畅科技,3,79.04807926153211,25.85,2026-04-21,26.7,1,0.032882011605415776,CLOSED,0,t1_close_exit,60
2026-04-20,603486,科沃斯,4,77.65943015174228,64.77,2026-04-21,64.06,1,-0.010961865060984928,CLOSED,0,t1_close_exit,60
2026-04-20,605028,世茂能源,5,77.49536629847753,29.255985,2026-04-21,29.255985,1,0.0,CLOSED,0,t1_close_exit,60
2026-04-21,600941,中国移动,1,85.0,96.66,2026-04-22,95.82,1,-0.008690254500310402,CLOSED,0,t1_close_exit,60
2026-04-21,002887,绿茵生态,2,76.2888675763594,12.43,2026-04-22,12.89,1,0.03700724054706363,CLOSED,0,t1_close_exit,60
2026-04-21,002722,物产金轮,3,75.90613683856995,15.36,2026-04-22,15.25,1,-0.007161458333333297,CLOSED,0,t1_close_exit,60
2026-04-21,600301,华锡有色,4,75.90484819577189,54.98,2026-04-22,57.57,1,0.04710803928701352,CLOSED,1,t1_open_below_stop_limit,60
2026-04-21,600618,氯碱化工,5,75.42093764636483,13.2,2026-04-22,13.07,1,-0.009848484848484773,CLOSED,0,t1_close_exit,60
2026-04-22,000526,学大教育,1,84.23066036750765,34.06,2026-04-23,34.54,1,0.014092777451555984,CLOSED,0,t1_close_exit,60
2026-04-22,000063,中兴通讯,2,78.83720540891956,37.34,2026-04-23,36.85,1,-0.013122656668452115,CLOSED,0,t1_close_exit,60
2026-04-22,000890,法尔胜,3,76.53012134251836,15.24,2026-04-23,16.76,1,0.09973753280839903,CLOSED,0,t1_close_exit,60
2026-04-22,001212,中旗新材,4,76.39472945629217,52.45,2026-04-23,50.8765,1,-0.03000000000000005,CLOSED,1,t1_intraday_stop_loss,60
2026-04-22,002409,雅克科技,5,75.16671574544318,90.48,2026-04-23,87.7656,1,-0.029999999999999975,CLOSED,1,t1_intraday_stop_loss,60
2026-04-23,000596,古井贡酒,1,85.0,109.86,2026-04-24,109.5,1,-0.0032768978700163792,CLOSED,0,t1_close_exit,60
2026-04-23,600809,山西汾酒,2,84.54778627420379,142.38,2026-04-24,141.95,1,-0.003020087090883599,CLOSED,0,t1_close_exit,60
2026-04-23,603039,泛微网络,3,83.79026170787196,46.91,2026-04-24,45.5027,1,-0.02999999999999999,CLOSED,1,t1_intraday_stop_loss,60
2026-04-23,000938,紫光股份,4,78.82256311681947,31.2,2026-04-24,31.32,1,0.003846153846153878,CLOSED,0,t1_close_exit,60
2026-04-23,000338,潍柴动力,5,78.2941814497416,29.49,2026-04-24,29.59,1,0.003390979993218088,CLOSED,0,t1_close_exit,60
2026-04-24,002380,科远智慧,1,78.66778418890885,35.6,2026-04-27,34.532000000000004,1,-0.029999999999999936,CLOSED,1,t1_intraday_stop_loss,60
2026-04-24,603290,斯达半导,2,78.46402374177495,108.7,2026-04-27,110.7,1,0.01839926402943882,CLOSED,0,t1_close_exit,60
2026-04-24,603205,健尔康,3,78.28153609014876,26.68,2026-04-27,27.52,1,0.031484257871064465,CLOSED,0,t1_close_exit,60
2026-04-24,600694,大商股份,4,77.94294451346954,18.03,2026-04-27,18.25,1,0.01220188574597886,CLOSED,0,t1_close_exit,60
2026-04-24,002920,德赛西威,5,76.57582761817281,112.16,2026-04-27,111.3,1,-0.007667617689015687,CLOSED,0,t1_close_exit,60
2026-04-27,603194,中力股份,1,80.69943275825716,35.7,2026-04-28,34.629000000000005,1,-0.02999999999999994,CLOSED,1,t1_intraday_stop_loss,60
2026-04-27,002956,西麦食品,2,79.21883176358266,29.82,2026-04-28,29.55,1,-0.009054325955734393,CLOSED,0,t1_close_exit,60
2026-04-27,603666,亿嘉和,3,77.50735598735395,29.15,2026-04-28,29.02,1,-0.004459691252144049,CLOSED,0,t1_close_exit,60
2026-04-27,600148,长春一东,4,76.71045469268158,19.0,2026-04-28,19.11,1,0.005789473684210496,CLOSED,0,t1_close_exit,60
2026-04-27,002545,东方铁塔,5,76.69669283973063,24.02,2026-04-28,24.24,1,0.009159034138218104,CLOSED,0,t1_close_exit,60
2026-04-28,002981,朝阳科技,1,80.61890246632578,26.11,2026-04-29,25.75,1,-0.01378782075833012,CLOSED,0,t1_close_exit,60
2026-04-28,002115,三维通信,2,79.0103701557111,14.0,2026-04-29,14.68,1,0.04857142857142855,CLOSED,0,t1_close_exit,60
2026-04-28,605266,健之佳,3,78.42298148156988,19.83,2026-04-29,19.84,1,0.0005042864346949856,CLOSED,0,t1_close_exit,60
2026-04-28,600830,香溢融通,4,78.03408627948355,10.01,2026-04-29,10.14,1,0.012987012987013066,CLOSED,0,t1_close_exit,60
2026-04-28,603127,昭衍新药,5,76.79616272142174,39.95,2026-04-29,38.7515,1,-0.03000000000000007,CLOSED,1,t1_intraday_stop_loss,60
2026-04-29,603307,扬州金泉,1,83.89189392192898,41.6,2026-04-30,42.32,1,0.01730769230769228,CLOSED,0,t1_close_exit,60
2026-04-29,002444,巨星科技,2,80.90767550767745,34.64,2026-04-30,34.19,1,-0.012990762124711399,CLOSED,0,t1_close_exit,60
2026-04-29,605499,东鹏饮料,3,79.323569986014,208.33,2026-04-30,202.08010000000002,1,-0.02999999999999998,CLOSED,1,t1_intraday_stop_loss,60
2026-04-29,600455,博通股份,4,77.38564721003738,27.58,2026-04-30,28.09,1,0.018491660623640375,CLOSED,0,t1_close_exit,60
2026-04-29,603270,金帝股份,5,77.16014796633445,27.32,2026-04-30,28.13,1,0.02964860907759878,CLOSED,0,t1_close_exit,60
2026-04-30,002832,比音勒芬,1,81.39144279647724,20.24,2026-05-06,19.6328,1,-0.029999999999999947,CLOSED,1,t1_intraday_stop_loss,60
2026-04-30,000551,创元科技,2,78.83590855579035,16.28,2026-05-06,16.42,1,0.008599508599508634,CLOSED,0,t1_close_exit,60
2026-04-30,603050,科林电气,3,77.38574928462951,21.7,2026-05-06,23.62,1,0.08847926267281114,CLOSED,0,t1_close_exit,60
2026-04-30,600885,宏发股份,4,76.71837408324369,31.14,2026-05-06,33.43,1,0.07353885677585097,CLOSED,0,t1_close_exit,60
2026-04-30,002415,海康威视,5,76.2132865385203,36.29,2026-05-06,36.04,1,-0.006888950124001102,CLOSED,0,t1_close_exit,60
2026-05-06,603400,华之杰,1,79.75895361310018,72.02,2026-05-07,75.45,1,0.04762565953901704,CLOSED,0,t1_close_exit,60
2026-05-06,002747,埃斯顿,2,79.5783479198632,22.83,2026-05-07,23.46,1,0.027595269382391704,CLOSED,0,t1_close_exit,60
2026-05-06,600845,宝信软件,3,79.0478587257202,24.0,2026-05-07,23.98,1,-0.0008333333333333156,CLOSED,0,t1_close_exit,60
2026-05-06,002050,三花智控,4,76.5594380899848,48.16,2026-05-07,50.32,1,0.04485049833887051,CLOSED,0,t1_close_exit,60
2026-05-06,600584,长电科技,5,76.41517050848528,48.2,2026-05-07,48.76,1,0.011618257261410688,CLOSED,0,t1_close_exit,60
2026-05-07,000815,美利云,1,82.73938018603187,22.13,2026-05-08,22.96,1,0.03750564844103036,CLOSED,0,t1_close_exit,60
2026-05-07,000034,神州数码,2,78.25026648964551,41.4,2026-05-08,40.157999999999994,1,-0.030000000000000106,CLOSED,1,t1_intraday_stop_loss,60
2026-05-07,603281,江瀚新材,3,78.2502160760588,37.4,2026-05-08,36.278,1,-0.03,CLOSED,1,t1_intraday_stop_loss,60
2026-05-07,603416,信捷电气,4,78.0272705672013,58.72,2026-05-08,58.5,1,-0.003746594005449572,CLOSED,0,t1_close_exit,60
2026-05-07,603297,永新光学,5,77.62716461162364,125.63,2026-05-08,130.28,1,0.03701345220090747,CLOSED,0,t1_close_exit,60
2026-05-08,603392,万泰生物,1,81.38168286094893,42.79,2026-05-11,44.37,1,0.03692451507361529,CLOSED,0,t1_close_exit,60
2026-05-08,002396,星网锐捷,2,80.72836149016008,28.92,2026-05-11,31.18,1,0.07814661134163202,CLOSED,0,t1_close_exit,60
2026-05-08,603194,中力股份,3,80.5100071752465,37.15,2026-05-11,37.89,1,0.01991924629878875,CLOSED,0,t1_close_exit,60
2026-05-08,601698,中国卫通,4,79.96187268509114,39.8,2026-05-11,40.38,1,0.014572864321608177,CLOSED,0,t1_close_exit,60
2026-05-08,603960,克来机电,5,78.52400214606226,23.99,2026-05-11,23.7,1,-0.012088370154230895,CLOSED,0,t1_close_exit,60
2026-05-11,002049,紫光国微,1,75.44054099368287,81.94,2026-05-12,79.48179999999999,1,-0.03000000000000006,CLOSED,1,t1_intraday_stop_loss,60
2026-05-11,601116,三江购物,2,74.15190540206608,14.33,2026-05-12,13.9001,1,-0.029999999999999995,CLOSED,1,t1_intraday_stop_loss,60
2026-05-11,603578,三星新材,3,73.52501624262665,14.36,2026-05-12,14.84,1,0.03342618384401117,CLOSED,0,t1_close_exit,60
2026-05-11,605296,神农集团,4,69.27640756263798,30.59,2026-05-12,29.6723,1,-0.03,CLOSED,1,t1_intraday_stop_loss,60
2026-05-11,605020,永和股份,5,68.28525824915604,28.15,2026-05-12,28.47,1,0.011367673179396104,CLOSED,0,t1_close_exit,60
2026-05-12,603776,永安行,1,80.67115969856324,21.48,2026-05-13,23.07,1,0.07402234636871508,CLOSED,0,t1_close_exit,60
2026-05-12,002126,银轮股份,2,76.1719364370891,50.1,2026-05-13,52.42,1,0.04630738522954092,CLOSED,0,t1_close_exit,60
2026-05-12,001317,三羊马,3,75.19110184836651,59.2,2026-05-13,60.52,1,0.022297297297297302,CLOSED,0,t1_close_exit,60
2026-05-12,000070,特发信息,4,74.96299972156538,21.55,2026-05-13,21.21,1,-0.015777262180974472,CLOSED,1,t1_open_below_stop_limit,60
2026-05-12,601688,华泰证券,5,74.90659190383697,19.72,2026-05-13,19.48,1,-0.012170385395537447,CLOSED,0,t1_close_exit,60
2026-05-13,603097,江苏华辰,1,81.32889031884199,29.01,2026-05-14,28.1397,1,-0.03000000000000001,CLOSED,1,t1_intraday_stop_loss,60
2026-05-13,600406,国电南瑞,2,79.46540358693937,28.02,2026-05-14,27.27,1,-0.02676659528907923,CLOSED,0,t1_close_exit,60
2026-05-13,002028,思源电气,3,78.01709117663847,207.2,2026-05-14,202.8,1,-0.021235521235521127,CLOSED,0,t1_close_exit,60
2026-05-13,603236,移远通信,4,77.55244796573757,75.77,2026-05-14,73.4969,1,-0.029999999999999995,CLOSED,1,t1_intraday_stop_loss,60
2026-05-13,603175,超颖电子,5,76.11120007364957,101.72,2026-05-14,99.9,1,-0.017892253244199696,CLOSED,0,t1_close_exit,60
2026-05-14,002380,科远智慧,1,81.15679490727928,38.58,2026-05-15,42.18,1,0.09331259720062213,CLOSED,0,t1_close_exit,60
2026-05-14,600847,万里股份,2,74.59776255442124,15.29,2026-05-15,15.36,1,0.004578155657292367,CLOSED,1,t1_open_below_stop_limit,60
2026-05-14,600199,金种子酒,3,74.52475733813891,8.23,2026-05-15,7.9831,1,-0.030000000000000013,CLOSED,1,t1_intraday_stop_loss,60
2026-05-14,600827,百联股份,4,74.30293265001086,8.65,2026-05-15,8.3905,1,-0.03000000000000011,CLOSED,1,t1_intraday_stop_loss,60
2026-05-14,603725,天安新材,5,73.91239873997664,10.46,2026-05-15,10.29,1,-0.016252390057361538,CLOSED,0,t1_close_exit,60
2026-05-15,003021,兆威机电,1,80.53361480512783,105.99,2026-05-18,111.89,1,0.05566562883290882,CLOSED,0,t1_close_exit,60
2026-05-15,603722,阿科力,2,80.3085013877337,41.31,2026-05-18,40.0707,1,-0.03,CLOSED,1,t1_intraday_stop_loss,60
2026-05-15,002952,亚世光电,3,79.38503683559061,29.89,2026-05-18,28.9933,1,-0.02999999999999997,CLOSED,1,t1_intraday_stop_loss,60
2026-05-15,601100,恒立液压,4,78.02201117159373,116.02,2026-05-18,112.53939999999999,1,-0.030000000000000086,CLOSED,1,t1_intraday_stop_loss,60
2026-05-15,002165,红 宝 丽,5,77.37453799061691,9.74,2026-05-18,9.447799999999999,1,-0.030000000000000113,CLOSED,1,t1_intraday_stop_loss,60
2026-05-18,603767,中马传动,1,76.75449799987192,22.66,2026-05-19,21.9802,1,-0.03000000000000001,CLOSED,1,t1_intraday_stop_loss,60
2026-05-18,603855,华荣股份,2,74.67931345469495,19.86,2026-05-19,19.94,1,0.004028197381671795,CLOSED,0,t1_close_exit,60
2026-05-18,603376,大明电子,3,74.46592086146244,31.63,2026-05-19,32.78,1,0.03635788808093589,CLOSED,0,t1_close_exit,60
2026-05-18,603650,彤程新材,4,73.44372053544095,60.02,2026-05-19,60.46,1,0.007330889703432151,CLOSED,0,t1_close_exit,60
2026-05-18,002611,东方精工,5,73.29642365433227,19.38,2026-05-19,20.35,1,0.05005159958720343,CLOSED,0,t1_close_exit,60
2026-05-19,603376,大明电子,1,78.7928584620723,32.78,2026-05-20,31.7966,1,-0.02999999999999999,CLOSED,1,t1_intraday_stop_loss,60
2026-05-19,600996,贵广网络,2,78.70439545462092,9.56,2026-05-20,9.273200000000001,1,-0.029999999999999947,CLOSED,1,t1_intraday_stop_loss,60
2026-05-19,002880,卫光生物,3,77.96484603000742,26.77,2026-05-20,26.17,1,-0.022413149047441086,CLOSED,0,t1_close_exit,60
2026-05-19,002611,东方精工,4,76.18799218914094,20.35,2026-05-20,19.7395,1,-0.030000000000000086,CLOSED,1,t1_intraday_stop_loss,60
2026-05-19,603693,江苏新能,5,73.89996078061718,17.38,2026-05-20,15.9,1,-0.08515535097813572,CLOSED,1,t1_open_below_stop_limit,60
2026-05-20,002338,奥普光电,1,78.15971615486278,67.12,2026-05-21,65.10640000000001,1,-0.02999999999999995,CLOSED,1,t1_intraday_stop_loss,60
2026-05-20,600619,海立股份,2,78.11226442427125,19.46,2026-05-21,18.8762,1,-0.030000000000000002,CLOSED,1,t1_intraday_stop_loss,60
2026-05-20,002718,友邦吊顶,3,78.04582377728806,82.61,2026-05-21,80.1317,1,-0.030000000000000054,CLOSED,1,t1_intraday_stop_loss,60
2026-05-20,003019,宸展光电,4,75.71286300213086,36.97,2026-05-21,37.28,1,0.00838517717067899,CLOSED,0,t1_close_exit,60
2026-05-20,002387,维信诺,5,75.60174121381291,8.71,2026-05-21,8.64,1,-0.008036739380022993,CLOSED,0,t1_close_exit,60
2026-05-25,002823,凯中精密,1,83.11038177492696,18.6,2026-05-26,18.042,1,-0.02999999999999999,CLOSED,1,t1_intraday_stop_loss,60
2026-05-25,603232,格尔软件,2,82.94112615985739,20.97,2026-05-26,20.340899999999998,1,-0.030000000000000054,CLOSED,1,t1_intraday_stop_loss,60
2026-05-25,001332,锡装股份,3,78.69797667020993,69.5,2026-05-26,67.41499999999999,1,-0.030000000000000113,CLOSED,1,t1_intraday_stop_loss,60
2026-05-25,002779,中坚科技,4,76.96011605183232,80.3,2026-05-26,77.89099999999999,1,-0.030000000000000075,CLOSED,1,t1_intraday_stop_loss,60
2026-05-25,600834,申通地铁,5,74.67376542035058,8.22,2026-05-26,7.973400000000001,1,-0.02999999999999999,CLOSED,1,t1_intraday_stop_loss,60
2026-05-26,601066,中信建投,1,80.891346891663,23.72,2026-05-27,23.73,1,0.0004215851602024268,CLOSED,0,t1_close_exit,60
2026-05-26,600143,金发科技,2,76.72383168236207,18.57,2026-05-27,18.46,1,-0.005923532579429156,CLOSED,0,t1_close_exit,60
2026-05-26,002134,天津普林,3,76.12370287933336,32.82,2026-05-27,31.8354,1,-0.03000000000000001,CLOSED,1,t1_intraday_stop_loss,60
2026-05-26,000933,神火股份,4,76.10788634298852,32.19,2026-05-27,31.224299999999996,1,-0.030000000000000058,CLOSED,1,t1_intraday_stop_loss,60
2026-05-26,600376,首开股份,5,75.43067983880965,5.02,2026-05-27,4.7,1,-0.06374501992031861,CLOSED,1,t1_open_below_stop_limit,60
2026-05-27,603103,横店影视,1,83.6754515399754,21.89,2026-05-28,21.2333,1,-0.030000000000000034,CLOSED,1,t1_intraday_stop_loss,60
2026-05-27,603369,今世缘,2,78.98768615518935,29.82,2026-05-28,29.19,1,-0.021126760563380247,CLOSED,0,t1_close_exit,60
2026-05-27,601231,环旭电子,3,78.20035200954374,43.43,2026-05-28,42.1271,1,-0.030000000000000023,CLOSED,1,t1_intraday_stop_loss,60
2026-05-27,002079,苏州固锝,4,76.20250249188904,13.54,2026-05-28,13.133799999999999,1,-0.03000000000000001,CLOSED,1,t1_intraday_stop_loss,60
2026-05-27,002406,远东传动,5,74.79455511406712,8.95,2026-05-28,8.6815,1,-0.029999999999999947,CLOSED,1,t1_intraday_stop_loss,60
2026-05-28,002129,TCL中环,1,78.0772993698339,10.44,2026-05-29,10.1268,1,-0.030000000000000016,CLOSED,1,t1_intraday_stop_loss,60
2026-05-28,605358,立昂微,2,77.61269629546618,59.09,2026-05-29,57.3173,1,-0.030000000000000006,CLOSED,1,t1_intraday_stop_loss,60
2026-05-28,002768,国恩股份,3,75.53701304871814,68.05,2026-05-29,66.0085,1,-0.02999999999999999,CLOSED,1,t1_intraday_stop_loss,60
2026-05-28,000733,振华科技,4,75.47061964319569,53.38,2026-05-29,51.778600000000004,1,-0.029999999999999964,CLOSED,1,t1_intraday_stop_loss,60
2026-05-28,600011,华能国际,5,73.32848528619537,8.06,2026-05-29,8.87,1,0.10049627791563259,CLOSED,0,t1_close_exit,60
